rep,strateji,n,auroc,prauc,brier,egim
0,source,0,0.6413,0.2232,0.0529,0.4655
0,recal,50,0.6413,0.2232,0.0494,0.8912
0,finetune,50,0.6385,0.2094,0.0521,0.2677
0,local,50,0.5897,0.1073,0.0566,0.2739
0,pooled,50,0.6178,0.2189,0.0531,0.42
0,recal,100,0.3587,0.0477,0.0539,-6.5947
0,finetune,100,0.4363,0.0476,0.2532,-0.0225
0,local,100,0.5346,0.0892,0.0566,0.1416
0,pooled,100,0.6087,0.2184,0.0535,0.3964
0,recal,200,0.6413,0.2232,0.0491,0.6573
0,finetune,200,0.5053,0.062,0.1723,0.0125
0,local,200,0.5517,0.0782,0.0567,0.1708
0,pooled,200,0.6176,0.2146,0.0531,0.4198
0,recal,500,0.6413,0.2232,0.0501,1.2204
0,finetune,500,0.4992,0.0552,0.2359,-0.0061
0,local,500,0.6278,0.0987,0.0567,0.277
0,pooled,500,0.6237,0.1962,0.0533,0.4006
0,recal,1000,0.6413,0.2232,0.0496,1.0116
0,finetune,1000,0.6198,0.0864,0.1033,0.0391
0,local,1000,0.6,0.1143,0.0566,0.2569
0,pooled,1000,0.6326,0.2185,0.0531,0.4305
1,source,0,0.6198,0.2972,0.0508,0.4682
1,recal,50,0.6198,0.2972,0.0533,1.8484
1,finetune,50,0.4979,0.0811,0.1722,-0.0036
1,local,50,0.5761,0.0903,0.0566,0.1781
1,pooled,50,0.639,0.2576,0.0515,0.4728
1,recal,100,0.6198,0.2972,0.0468,0.7551
1,finetune,100,0.5171,0.0568,0.2167,-0.0018
1,local,100,0.5775,0.0711,0.0567,0.1359
1,pooled,100,0.6202,0.2751,0.0517,0.4434
1,recal,200,0.6198,0.2972,0.0466,0.8313
1,finetune,200,0.5938,0.0796,0.1302,0.0195
1,local,200,0.6393,0.1136,0.0567,0.2969
1,pooled,200,0.6742,0.2892,0.0517,0.5039
1,recal,500,0.6198,0.2972,0.0473,1.0101
1,finetune,500,0.5328,0.07,0.1197,0.0139
1,local,500,0.6209,0.1914,0.0566,0.3523
1,pooled,500,0.6455,0.2958,0.0508,0.5116
1,recal,1000,0.6198,0.2972,0.047,0.932
1,finetune,1000,0.5999,0.0877,0.1357,0.0461
1,local,1000,0.6343,0.1693,0.0567,0.3466
1,pooled,1000,0.6597,0.3049,0.0514,0.5285
2,source,0,0.6604,0.2649,0.0518,0.5275
2,recal,25,0.6604,0.2649,0.0522,1.1491
2,finetune,25,0.6257,0.1901,0.052,0.2023
2,local,25,0.5852,0.0781,0.0575,0.1324
2,pooled,25,0.6881,0.2772,0.052,0.5739
2,recal,50,0.6604,0.2649,0.0492,1.0254
2,finetune,50,0.5923,0.0925,0.1501,0.0488
2,local,50,0.5909,0.0749,0.0569,0.1376
2,pooled,50,0.6613,0.2692,0.052,0.5392
2,recal,100,0.6604,0.2649,0.0529,8.5534
2,finetune,100,0.5988,0.0765,0.1852,0.0217
2,local,100,0.5902,0.0819,0.0567,0.2314
2,pooled,100,0.6625,0.2474,0.0527,0.5017
2,recal,200,0.6604,0.2649,0.048,1.1121
2,finetune,200,0.5786,0.0883,0.0994,0.0329
2,local,200,0.5016,0.0778,0.0566,0.0684
2,pooled,200,0.6628,0.2609,0.0523,0.5135
2,recal,500,0.6604,0.2649,0.0489,1.4132
2,finetune,500,0.5951,0.0891,0.1236,0.034
2,local,500,0.5341,0.0836,0.0554,0.1318
2,pooled,500,0.6837,0.2474,0.0532,0.5349
2,recal,1000,0.6604,0.2649,0.0489,1.39
2,finetune,1000,0.6283,0.0959,0.1024,0.0546
2,local,1000,0.5625,0.1512,0.0567,0.2306
2,pooled,1000,0.6621,0.2384,0.0522,0.4882
3,source,0,0.5886,0.2151,0.0541,0.3551
3,recal,50,0.5886,0.2151,0.0511,0.8453
3,finetune,50,0.5356,0.1037,0.1682,0.0247
3,local,50,0.5039,0.0563,0.0576,-0.0263
3,pooled,50,0.5826,0.1845,0.0554,0.3384
3,recal,100,0.4114,0.0699,0.0546,-6.2683
3,finetune,100,0.507,0.0677,0.1402,0.0114
3,local,100,0.5871,0.0697,0.0576,0.1437
3,pooled,100,0.6112,0.2075,0.0544,0.3738
3,recal,200,0.5886,0.2151,0.0516,0.766
3,finetune,200,0.5568,0.0751,0.0896,0.025
3,local,200,0.5127,0.065,0.0576,0.0502
3,pooled,200,0.6201,0.1972,0.0552,0.3534
3,recal,500,0.5886,0.2151,0.0507,0.6868
3,finetune,500,0.4728,0.0565,0.16,-0.0044
3,local,500,0.5641,0.1285,0.0576,0.2182
3,pooled,500,0.6125,0.2015,0.055,0.3876
3,recal,1000,0.5886,0.2151,0.0506,0.6311
3,finetune,1000,0.6081,0.0939,0.1402,0.0451
3,local,1000,0.5974,0.0994,0.0555,0.3411
3,pooled,1000,0.5949,0.2023,0.0549,0.3725
4,source,0,0.6439,0.2698,0.0523,0.5121
4,recal,25,0.3561,0.05,0.058,-20.8823
4,finetune,25,0.6531,0.1629,0.0564,0.1588
4,local,25,0.6684,0.105,0.0574,0.1893
4,pooled,25,0.6758,0.2913,0.0527,0.5905
4,recal,100,0.6439,0.2698,0.0529,6.9715
4,finetune,100,0.5407,0.0677,0.1221,0.012
4,local,100,0.5622,0.0713,0.0567,0.1213
4,pooled,100,0.6469,0.2568,0.0529,0.5005
4,recal,200,0.6439,0.2698,0.048,0.9958
4,finetune,200,0.5904,0.0769,0.1749,0.021
4,local,200,0.6304,0.1309,0.0567,0.3402
4,pooled,200,0.6701,0.2744,0.0521,0.5057
4,recal,500,0.6439,0.2698,0.0493,1.4043
4,finetune,500,0.5336,0.0615,0.1789,-0.0062
4,local,500,0.5909,0.0988,0.0563,0.2377
4,pooled,500,0.6465,0.2525,0.0534,0.5578
4,recal,1000,0.6439,0.2698,0.0487,1.2043
4,finetune,1000,0.5361,0.0702,0.1286,0.0127
4,local,1000,0.6354,0.1656,0.0567,0.376
4,pooled,1000,0.6914,0.2767,0.0516,0.6271
5,source,0,0.6359,0.2462,0.0531,0.4647
5,recal,50,0.6359,0.2462,0.0531,0.3446
5,finetune,50,0.6811,0.2786,0.0521,0.2744
5,local,50,0.6469,0.1579,0.0602,0.204
5,pooled,50,0.6623,0.2485,0.0539,0.4613
5,recal,100,0.6359,0.2462,0.0504,0.5537
5,finetune,100,0.5528,0.077,0.1481,0.024
5,local,100,0.5349,0.0735,0.0576,0.1267
5,pooled,100,0.6365,0.2255,0.0546,0.3922
5,recal,200,0.6359,0.2462,0.0494,0.5294
5,finetune,200,0.5606,0.0715,0.1806,0.0176
5,local,200,0.6335,0.1456,0.0569,0.2796
5,pooled,200,0.6294,0.2114,0.0542,0.3775
5,recal,500,0.6359,0.2462,0.0494,0.9263
5,finetune,500,0.6675,0.0966,0.1376,0.0459
5,local,500,0.673,0.1401,0.0574,0.3115
5,pooled,500,0.665,0.2305,0.0539,0.465
5,recal,1000,0.6359,0.2462,0.0497,1.0422
5,finetune,1000,0.6183,0.1004,0.1058,0.0506
5,local,1000,0.6133,0.153,0.0575,0.2867
5,pooled,1000,0.6597,0.2217,0.0539,0.4809
6,source,0,0.6796,0.2326,0.0548,0.5474
6,recal,50,0.3204,0.0417,0.0569,-7.3084
6,finetune,50,0.5097,0.056,0.2963,-0.0155
6,local,50,0.5551,0.0696,0.0575,0.1176
6,pooled,50,0.6671,0.2119,0.0557,0.5362
6,recal,100,0.6796,0.2326,0.0498,0.7329
6,finetune,100,0.6056,0.1146,0.0884,0.087
6,local,100,0.5618,0.073,0.0576,0.1284
6,pooled,100,0.6696,0.2084,0.056,0.5251
6,recal,200,0.6796,0.2326,0.0505,1.2343
6,finetune,200,0.5436,0.0723,0.1469,0.0197
6,local,200,0.6045,0.0902,0.0576,0.3233
6,pooled,200,0.6583,0.239,0.0559,0.5492
6,recal,500,0.6796,0.2326,0.0509,1.3395
6,finetune,500,0.5779,0.0811,0.1195,0.0219
6,local,500,0.5957,0.1448,0.0576,0.3014
6,pooled,500,0.7028,0.2721,0.0557,0.6475
6,recal,1000,0.6796,0.2326,0.0507,1.2839
6,finetune,1000,0.5284,0.0681,0.144,0.0153
6,local,1000,0.5824,0.1402,0.0567,0.3866
6,pooled,1000,0.7123,0.2759,0.0553,0.6868
7,source,0,0.6356,0.263,0.0519,0.4617
7,recal,50,0.3644,0.0588,0.0564,-14.9824
7,finetune,50,0.5184,0.0646,0.1974,0.0076
7,local,50,0.5204,0.0693,0.0575,0.0731
7,pooled,50,0.6898,0.2713,0.052,0.5652
7,recal,100,0.6356,0.263,0.0498,0.8334
7,finetune,100,0.5687,0.0827,0.1543,0.0384
7,local,100,0.6,0.1041,0.0574,0.2092
7,pooled,100,0.6134,0.2439,0.0527,0.4223
7,recal,200,0.6356,0.263,0.0495,1.0606
7,finetune,200,0.6161,0.105,0.119,0.0284
7,local,200,0.6729,0.2211,0.0575,0.4284
7,pooled,200,0.6877,0.2822,0.054,0.5266
7,recal,500,0.6356,0.263,0.0484,0.7979
7,finetune,500,0.5645,0.0762,0.1565,0.0299
7,local,500,0.6464,0.1598,0.0576,0.3803
7,pooled,500,0.6651,0.2613,0.053,0.47
7,recal,1000,0.6356,0.263,0.0487,0.9317
7,finetune,1000,0.5491,0.0705,0.1588,0.0125
7,local,1000,0.6312,0.1475,0.0535,0.5923
7,pooled,1000,0.6504,0.2676,0.0527,0.5184
8,source,0,0.7199,0.3569,0.0506,0.641
8,recal,50,0.7199,0.3569,0.0587,0.5767
8,finetune,50,0.6711,0.1177,0.1178,0.0719
8,local,50,0.4985,0.0606,0.0576,-0.0065
8,pooled,50,0.6937,0.3554,0.0515,0.5859
8,recal,100,0.7199,0.3569,0.0542,15.0216
8,finetune,100,0.6825,0.1551,0.0863,0.0524
8,local,100,0.6866,0.1263,0.0576,0.5026
8,pooled,100,0.7407,0.3763,0.0521,0.6733
8,recal,200,0.7199,0.3569,0.0498,2.5975
8,finetune,200,0.4759,0.054,0.1921,-0.0127
8,local,200,0.5505,0.0705,0.0576,0.0923
8,pooled,200,0.6732,0.3063,0.051,0.5771
8,recal,500,0.7199,0.3569,0.0508,2.6688
8,finetune,500,0.5938,0.0968,0.1357,0.0324
8,local,500,0.6141,0.1052,0.0576,0.3935
8,pooled,500,0.7242,0.3435,0.0513,0.6518
8,recal,1000,0.7199,0.3569,0.0493,2.2551
8,finetune,1000,0.541,0.0715,0.1586,0.0182
8,local,1000,0.6297,0.1409,0.0576,0.3955
8,pooled,1000,0.7037,0.3188,0.0515,0.5899
9,source,0,0.576,0.1918,0.0539,0.3273
9,recal,50,0.576,0.1918,0.0541,0.4477
9,finetune,50,0.5589,0.0728,0.112,0.0067
9,local,50,0.5879,0.1028,0.0562,0.1725
9,pooled,50,0.5949,0.209,0.054,0.3699
9,recal,100,0.576,0.1918,0.0508,0.4187
9,finetune,100,0.5484,0.0656,0.1939,0.0036
9,local,100,0.6507,0.133,0.0567,0.3689
9,pooled,100,0.5836,0.2292,0.0546,0.3638
9,recal,200,0.576,0.1918,0.0514,0.4026
9,finetune,200,0.5564,0.0897,0.0947,0.044
9,local,200,0.5789,0.1116,0.0565,0.1827
9,pooled,200,0.5899,0.2114,0.0535,0.348
9,recal,500,0.576,0.1918,0.051,0.7044
9,finetune,500,0.5468,0.0648,0.1372,0.0006
9,local,500,0.5856,0.13,0.0566,0.3234
9,pooled,500,0.5537,0.2085,0.0538,0.3326
9,recal,1000,0.576,0.1918,0.0507,0.5512
9,finetune,1000,0.534,0.0744,0.1139,0.0286
9,local,1000,0.5928,0.152,0.0567,0.2677
9,pooled,1000,0.6068,0.2112,0.0536,0.3942
