source,target,species,drug,budget_n,delta_prauc,delta_auroc,delta_brier,delta_selected_pos,transfer_id,source_n,target_n,source_positives,target_positives,source_prevalence,target_prevalence,prevalence_absolute_shift,prevalence_ratio,domain_auc_svd,centroid_distance_svd,covariance_distance_svd,source_to_target_nn_distance,target_to_source_nn_distance,source_internal_diversity,target_internal_diversity,diversity_ratio,source_positive_rate_model,target_positive_rate_model,source_prediction_entropy,target_prediction_entropy,entropy_shift,source_prediction_mean,target_prediction_mean,prediction_mean_shift,source_prediction_sd,target_prediction_sd,prediction_sd_shift,source_only_auroc_mean,source_only_prauc_mean,source_only_brier_mean
DRIAMS-A,DRIAMS-B,Escherichia coli,Amoxicillin-Clavulanic acid,20,0.0026629879341739,0.0175309597523219,0.0008719322569567,1.3,DRIAMS-A->DRIAMS-B|Escherichia coli|Amoxicillin-Clavulanic acid,4826,213,1177,76,0.24388727724823872,0.3568075117370892,0.11292023448885047,1.463001743112313,0.9942292239415217,0.8213404417037964,0.7121804839896885,12.199859769671377,12.868364848329428,8.379811144072734,10.50305495665107,1.2533760935746343,0.24388727724823872,0.014084507042253521,0.14861701744899006,0.33999268307234326,0.1913756656233532,0.24313605586896994,0.12575948793344383,-0.11737656793552612,0.3864085378440607,0.09826551371281965,-0.28814302413124104,0.6410990712074304,0.5131369575206184,0.2748022784826231
DRIAMS-A,DRIAMS-B,Escherichia coli,Amoxicillin-Clavulanic acid,30,0.0018163248755024,0.0025928792569659,-0.0092362166326459,4.6,DRIAMS-A->DRIAMS-B|Escherichia coli|Amoxicillin-Clavulanic acid,4826,213,1177,76,0.24388727724823872,0.3568075117370892,0.11292023448885047,1.463001743112313,0.9942292239415217,0.8213404417037964,0.7121804839896885,12.199859769671377,12.868364848329428,8.379811144072734,10.50305495665107,1.2533760935746343,0.24388727724823872,0.014084507042253521,0.14861701744899006,0.33999268307234326,0.1913756656233532,0.24313605586896994,0.12575948793344383,-0.11737656793552612,0.3864085378440607,0.09826551371281965,-0.28814302413124104,0.6410990712074304,0.5131369575206184,0.2748022784826231
DRIAMS-A,DRIAMS-B,Escherichia coli,Amoxicillin-Clavulanic acid,50,0.0152503826859246,0.0195820433436532,-0.0103728744457166,4.6,DRIAMS-A->DRIAMS-B|Escherichia coli|Amoxicillin-Clavulanic acid,4826,213,1177,76,0.24388727724823872,0.3568075117370892,0.11292023448885047,1.463001743112313,0.9942292239415217,0.8213404417037964,0.7121804839896885,12.199859769671377,12.868364848329428,8.379811144072734,10.50305495665107,1.2533760935746343,0.24388727724823872,0.014084507042253521,0.14861701744899006,0.33999268307234326,0.1913756656233532,0.24313605586896994,0.12575948793344383,-0.11737656793552612,0.3864085378440607,0.09826551371281965,-0.28814302413124104,0.6410990712074304,0.5131369575206184,0.2748022784826231
DRIAMS-A,DRIAMS-B,Staphylococcus epidermidis,Amoxicillin-Clavulanic acid,20,-0.0026968731036351,-0.0012479677629134,0.0035288589092181,-3.4,DRIAMS-A->DRIAMS-B|Staphylococcus epidermidis|Amoxicillin-Clavulanic acid,4262,220,3006,129,0.7053026748005631,0.5863636363636363,0.11893903843692677,0.8313645436399927,0.9994880764472505,0.9185713529586792,0.7998564673671007,13.192700684478954,13.995125647458163,8.246063873002587,10.738918861259114,1.3023084742792344,0.7053026748005631,0.75,0.08223182803768653,0.3721527418338234,0.2899209137961369,0.7055532581682018,0.7193873660400126,0.01383410787181083,0.4369993608029183,0.290905862930417,-0.1460934978725013,0.712153079710145,0.7954840382379822,0.25373912680658633
DRIAMS-A,DRIAMS-B,Staphylococcus epidermidis,Amoxicillin-Clavulanic acid,30,-0.0055921384550818,-0.0038334726867335,-0.0034522879063616,-4.9,DRIAMS-A->DRIAMS-B|Staphylococcus epidermidis|Amoxicillin-Clavulanic acid,4262,220,3006,129,0.7053026748005631,0.5863636363636363,0.11893903843692677,0.8313645436399927,0.9994880764472505,0.9185713529586792,0.7998564673671007,13.192700684478954,13.995125647458163,8.246063873002587,10.738918861259114,1.3023084742792344,0.7053026748005631,0.75,0.08223182803768653,0.3721527418338234,0.2899209137961369,0.7055532581682018,0.7193873660400126,0.01383410787181083,0.4369993608029183,0.290905862930417,-0.1460934978725013,0.712153079710145,0.7954840382379822,0.25373912680658633
DRIAMS-A,DRIAMS-B,Staphylococcus epidermidis,Amoxicillin-Clavulanic acid,50,0.0023268030032494,0.0044320768301746,-0.0044135206673363,-6.8,DRIAMS-A->DRIAMS-B|Staphylococcus epidermidis|Amoxicillin-Clavulanic acid,4262,220,3006,129,0.7053026748005631,0.5863636363636363,0.11893903843692677,0.8313645436399927,0.9994880764472505,0.9185713529586792,0.7998564673671007,13.192700684478954,13.995125647458163,8.246063873002587,10.738918861259114,1.3023084742792344,0.7053026748005631,0.75,0.08223182803768653,0.3721527418338234,0.2899209137961369,0.7055532581682018,0.7193873660400126,0.01383410787181083,0.4369993608029183,0.290905862930417,-0.1460934978725013,0.712153079710145,0.7954840382379822,0.25373912680658633
DRIAMS-A,DRIAMS-B,Staphylococcus epidermidis,Cefepime,20,-0.0084656714913137,-0.0027674656261612,-0.0029784533062871,-3.3,DRIAMS-A->DRIAMS-B|Staphylococcus epidermidis|Cefepime,4261,220,3006,129,0.7054681999530626,0.5863636363636363,0.11910456358942634,0.8311694792233714,0.9992330012161037,0.9226214289665222,0.8059718127041214,13.249262015580628,14.077804283662276,8.242995247984123,10.731493460481817,1.301892472048467,0.7054681999530626,0.7681818181818182,0.08201259588791139,0.365510675341121,0.28349807945320965,0.705721112548971,0.7241904456043122,0.018469333055341264,0.436978858982672,0.29292663386271284,-0.1440522251199592,0.7131473894463024,0.8002429000669679,0.25547671213816814
DRIAMS-A,DRIAMS-B,Staphylococcus epidermidis,Cefepime,30,-0.0138335620566652,-0.0080123443887031,0.0054728848242861,-4.3,DRIAMS-A->DRIAMS-B|Staphylococcus epidermidis|Cefepime,4261,220,3006,129,0.7054681999530626,0.5863636363636363,0.11910456358942634,0.8311694792233714,0.9992330012161037,0.9226214289665222,0.8059718127041214,13.249262015580628,14.077804283662276,8.242995247984123,10.731493460481817,1.301892472048467,0.7054681999530626,0.7681818181818182,0.08201259588791139,0.365510675341121,0.28349807945320965,0.705721112548971,0.7241904456043122,0.018469333055341264,0.436978858982672,0.29292663386271284,-0.1440522251199592,0.7131473894463024,0.8002429000669679,0.25547671213816814
DRIAMS-A,DRIAMS-B,Staphylococcus epidermidis,Cefepime,50,-0.0107547162779716,-4.257246376810908e-05,-0.0028075105143114,-5.6,DRIAMS-A->DRIAMS-B|Staphylococcus epidermidis|Cefepime,4261,220,3006,129,0.7054681999530626,0.5863636363636363,0.11910456358942634,0.8311694792233714,0.9992330012161037,0.9226214289665222,0.8059718127041214,13.249262015580628,14.077804283662276,8.242995247984123,10.731493460481817,1.301892472048467,0.7054681999530626,0.7681818181818182,0.08201259588791139,0.365510675341121,0.28349807945320965,0.705721112548971,0.7241904456043122,0.018469333055341264,0.436978858982672,0.29292663386271284,-0.1440522251199592,0.7131473894463024,0.8002429000669679,0.25547671213816814
DRIAMS-A,DRIAMS-B,Staphylococcus epidermidis,Ciprofloxacin,20,0.0008915516245497,0.0048969942586963,-0.0149780671160673,-4.1,DRIAMS-A->DRIAMS-B|Staphylococcus epidermidis|Ciprofloxacin,4679,220,2687,94,0.5742680059841847,0.42727272727272725,0.14699527871145746,0.7440301789762154,0.999393809866133,0.9011023640632629,0.7968549406103177,13.086288299293543,13.701012411767787,8.171675860109836,10.638081979318098,1.3018237827136612,0.5742680059841847,0.5136363636363637,0.07646605488320955,0.34678117288287613,0.27031511799966657,0.5743048317426744,0.5135391904305461,-0.06076564131212836,0.4785888038034384,0.3780354557845387,-0.1005533480188997,0.914049307666329,0.9202285000819839,0.12349903417459762
DRIAMS-A,DRIAMS-B,Staphylococcus epidermidis,Ciprofloxacin,30,0.004262657416326,0.0067544748395812,-0.013349191681727,-4.9,DRIAMS-A->DRIAMS-B|Staphylococcus epidermidis|Ciprofloxacin,4679,220,2687,94,0.5742680059841847,0.42727272727272725,0.14699527871145746,0.7440301789762154,0.999393809866133,0.9011023640632629,0.7968549406103177,13.086288299293543,13.701012411767787,8.171675860109836,10.638081979318098,1.3018237827136612,0.5742680059841847,0.5136363636363637,0.07646605488320955,0.34678117288287613,0.27031511799966657,0.5743048317426744,0.5135391904305461,-0.06076564131212836,0.4785888038034384,0.3780354557845387,-0.1005533480188997,0.914049307666329,0.9202285000819839,0.12349903417459762
DRIAMS-A,DRIAMS-B,Staphylococcus epidermidis,Ciprofloxacin,50,0.0022031804143643,0.001789935832489,-0.0090691831476236,-10.0,DRIAMS-A->DRIAMS-B|Staphylococcus epidermidis|Ciprofloxacin,4679,220,2687,94,0.5742680059841847,0.42727272727272725,0.14699527871145746,0.7440301789762154,0.999393809866133,0.9011023640632629,0.7968549406103177,13.086288299293543,13.701012411767787,8.171675860109836,10.638081979318098,1.3018237827136612,0.5742680059841847,0.5136363636363637,0.07646605488320955,0.34678117288287613,0.27031511799966657,0.5743048317426744,0.5135391904305461,-0.06076564131212836,0.4785888038034384,0.3780354557845387,-0.1005533480188997,0.914049307666329,0.9202285000819839,0.12349903417459762
DRIAMS-A,DRIAMS-B,Staphylococcus epidermidis,Clindamycin,20,-0.0135544805749672,-0.0188637741502325,0.0075178821395449,-0.3,DRIAMS-A->DRIAMS-B|Staphylococcus epidermidis|Clindamycin,4192,216,2125,89,0.5069179389312977,0.41203703703703703,0.09488090189426063,0.8128278867102398,0.9995516150692678,0.9042452573776245,0.7971723828110981,13.281214346275984,13.90878902276357,8.251635692115048,10.732690229239287,1.300674269889913,0.5069179389312977,0.5092592592592593,0.18368136966044873,0.5627148199557317,0.37903345029528296,0.5069880853896693,0.4874447649337228,-0.019543320455946533,0.4537203098416921,0.2406684060846716,-0.2130519037570205,0.6780924072069905,0.6196567678182054,0.2407828948192759
DRIAMS-A,DRIAMS-B,Staphylococcus epidermidis,Clindamycin,30,-0.0126876546371947,-0.0021550575196408,-0.001840405510773,-2.8,DRIAMS-A->DRIAMS-B|Staphylococcus epidermidis|Clindamycin,4192,216,2125,89,0.5069179389312977,0.41203703703703703,0.09488090189426063,0.8128278867102398,0.9995516150692678,0.9042452573776245,0.7971723828110981,13.281214346275984,13.90878902276357,8.251635692115048,10.732690229239287,1.300674269889913,0.5069179389312977,0.5092592592592593,0.18368136966044873,0.5627148199557317,0.37903345029528296,0.5069880853896693,0.4874447649337228,-0.019543320455946533,0.4537203098416921,0.2406684060846716,-0.2130519037570205,0.6780924072069905,0.6196567678182054,0.2407828948192759
DRIAMS-A,DRIAMS-B,Staphylococcus epidermidis,Clindamycin,50,-0.0024404660773197,0.0106922523849607,-0.00506158741224,-3.4,DRIAMS-A->DRIAMS-B|Staphylococcus epidermidis|Clindamycin,4192,216,2125,89,0.5069179389312977,0.41203703703703703,0.09488090189426063,0.8128278867102398,0.9995516150692678,0.9042452573776245,0.7971723828110981,13.281214346275984,13.90878902276357,8.251635692115048,10.732690229239287,1.300674269889913,0.5069179389312977,0.5092592592592593,0.18368136966044873,0.5627148199557317,0.37903345029528296,0.5069880853896693,0.4874447649337228,-0.019543320455946533,0.4537203098416921,0.2406684060846716,-0.2130519037570205,0.6780924072069905,0.6196567678182054,0.2407828948192759
DRIAMS-A,DRIAMS-B,Staphylococcus epidermidis,Erythromycin,20,-0.0110505642800014,-0.0022145835735424,-0.0017164995613458,-2.3,DRIAMS-A->DRIAMS-B|Staphylococcus epidermidis|Erythromycin,4232,216,2591,97,0.6122400756143668,0.44907407407407407,0.1631660015402927,0.7334934316794601,0.9993873836028845,0.8977175951004028,0.8084371524301323,13.253133959254155,13.949786238537895,8.245121218407762,10.707201270924674,1.2986105343145422,0.6122400756143668,0.7546296296296297,0.20589669618559142,0.5842309518346555,0.37833425564906403,0.6124933108723627,0.6220264029136976,0.0095330920413349,0.43187439130087707,0.18726468155864864,-0.24460970974222843,0.6464996853261079,0.5732634674639822,0.2647391592053626
DRIAMS-A,DRIAMS-B,Staphylococcus epidermidis,Erythromycin,30,0.0124690377141971,0.0112402475114339,-0.0045451471972018,-0.9,DRIAMS-A->DRIAMS-B|Staphylococcus epidermidis|Erythromycin,4232,216,2591,97,0.6122400756143668,0.44907407407407407,0.1631660015402927,0.7334934316794601,0.9993873836028845,0.8977175951004028,0.8084371524301323,13.253133959254155,13.949786238537895,8.245121218407762,10.707201270924674,1.2986105343145422,0.6122400756143668,0.7546296296296297,0.20589669618559142,0.5842309518346555,0.37833425564906403,0.6124933108723627,0.6220264029136976,0.0095330920413349,0.43187439130087707,0.18726468155864864,-0.24460970974222843,0.6464996853261079,0.5732634674639822,0.2647391592053626
DRIAMS-A,DRIAMS-B,Staphylococcus epidermidis,Erythromycin,50,-0.0193700744003127,-0.0035358295860717,0.0023167591104491,-0.7,DRIAMS-A->DRIAMS-B|Staphylococcus epidermidis|Erythromycin,4232,216,2591,97,0.6122400756143668,0.44907407407407407,0.1631660015402927,0.7334934316794601,0.9993873836028845,0.8977175951004028,0.8084371524301323,13.253133959254155,13.949786238537895,8.245121218407762,10.707201270924674,1.2986105343145422,0.6122400756143668,0.7546296296296297,0.20589669618559142,0.5842309518346555,0.37833425564906403,0.6124933108723627,0.6220264029136976,0.0095330920413349,0.43187439130087707,0.18726468155864864,-0.24460970974222843,0.6464996853261079,0.5732634674639822,0.2647391592053626
DRIAMS-A,DRIAMS-B,Staphylococcus epidermidis,Fusidic acid,20,-0.0005306129024729,-0.0024666918783878,-0.0013004680397818,-0.3,DRIAMS-A->DRIAMS-B|Staphylococcus epidermidis|Fusidic acid,4589,218,2407,101,0.5245151449117454,0.463302752293578,0.061212392618167466,0.8832971874845158,0.9994082378883689,0.893692672252655,0.7946105959498119,13.130813639479333,13.742660176425899,8.16495491566287,10.654316595934947,1.3048837018679336,0.5245151449117454,0.5412844036697247,0.22806141265414845,0.5980007774830023,0.3699393648288538,0.5244954293117823,0.5255582474330267,0.0010628181212444243,0.43766904783063937,0.2093112265364759,-0.22835782129416346,0.6991127995324372,0.6496455442158375,0.2240795678032514
DRIAMS-A,DRIAMS-B,Staphylococcus epidermidis,Fusidic acid,30,-0.0350392455182551,-0.0315073629685655,0.0108626772669269,-0.7,DRIAMS-A->DRIAMS-B|Staphylococcus epidermidis|Fusidic acid,4589,218,2407,101,0.5245151449117454,0.463302752293578,0.061212392618167466,0.8832971874845158,0.9994082378883689,0.893692672252655,0.7946105959498119,13.130813639479333,13.742660176425899,8.16495491566287,10.654316595934947,1.3048837018679336,0.5245151449117454,0.5412844036697247,0.22806141265414845,0.5980007774830023,0.3699393648288538,0.5244954293117823,0.5255582474330267,0.0010628181212444243,0.43766904783063937,0.2093112265364759,-0.22835782129416346,0.6991127995324372,0.6496455442158375,0.2240795678032514
DRIAMS-A,DRIAMS-B,Staphylococcus epidermidis,Fusidic acid,50,-0.0262481168975882,-0.0189588475951456,0.0041031747333945,-2.6,DRIAMS-A->DRIAMS-B|Staphylococcus epidermidis|Fusidic acid,4589,218,2407,101,0.5245151449117454,0.463302752293578,0.061212392618167466,0.8832971874845158,0.9994082378883689,0.893692672252655,0.7946105959498119,13.130813639479333,13.742660176425899,8.16495491566287,10.654316595934947,1.3048837018679336,0.5245151449117454,0.5412844036697247,0.22806141265414845,0.5980007774830023,0.3699393648288538,0.5244954293117823,0.5255582474330267,0.0010628181212444243,0.43766904783063937,0.2093112265364759,-0.22835782129416346,0.6991127995324372,0.6496455442158375,0.2240795678032514
DRIAMS-A,DRIAMS-B,Staphylococcus epidermidis,Oxacillin,20,-0.0100544576787303,-0.0044031842251951,0.0049008934827523,-2.3,DRIAMS-A->DRIAMS-B|Staphylococcus epidermidis|Oxacillin,4664,220,3324,129,0.7126929674099486,0.5863636363636363,0.12632933104631228,0.8227436823104692,0.9994717760798378,0.8974229097366333,0.796219232488808,13.085826600466952,13.719141539010135,8.165518407337048,10.6172701402144,1.3002567149532545,0.7126929674099486,0.8,0.09718755424419638,0.35792512922174624,0.26073757497754985,0.7130062973132862,0.7528117941179658,0.039805496804679597,0.4289265433614199,0.2723891504422901,-0.15653739291912977,0.720480165366035,0.7946118089889899,0.24394728137587313
DRIAMS-A,DRIAMS-B,Staphylococcus epidermidis,Oxacillin,30,-0.0038734996759738,0.0028523666852471,-0.0031087834553324,-4.5,DRIAMS-A->DRIAMS-B|Staphylococcus epidermidis|Oxacillin,4664,220,3324,129,0.7126929674099486,0.5863636363636363,0.12632933104631228,0.8227436823104692,0.9994717760798378,0.8974229097366333,0.796219232488808,13.085826600466952,13.719141539010135,8.165518407337048,10.6172701402144,1.3002567149532545,0.7126929674099486,0.8,0.09718755424419638,0.35792512922174624,0.26073757497754985,0.7130062973132862,0.7528117941179658,0.039805496804679597,0.4289265433614199,0.2723891504422901,-0.15653739291912977,0.720480165366035,0.7946118089889899,0.24394728137587313
DRIAMS-A,DRIAMS-B,Staphylococcus epidermidis,Oxacillin,50,-0.0171270225173418,-0.006641072092159,-0.0042256204944989,-6.2,DRIAMS-A->DRIAMS-B|Staphylococcus epidermidis|Oxacillin,4664,220,3324,129,0.7126929674099486,0.5863636363636363,0.12632933104631228,0.8227436823104692,0.9994717760798378,0.8974229097366333,0.796219232488808,13.085826600466952,13.719141539010135,8.165518407337048,10.6172701402144,1.3002567149532545,0.7126929674099486,0.8,0.09718755424419638,0.35792512922174624,0.26073757497754985,0.7130062973132862,0.7528117941179658,0.039805496804679597,0.4289265433614199,0.2723891504422901,-0.15653739291912977,0.720480165366035,0.7946118089889899,0.24394728137587313
DRIAMS-A,DRIAMS-C,Escherichia coli,Amoxicillin-Clavulanic acid,20,-0.0041078111325191,0.0045263975155279,0.0009323348003712,2.1,DRIAMS-A->DRIAMS-C|Escherichia coli|Amoxicillin-Clavulanic acid,4826,902,1177,230,0.24388727724823872,0.2549889135254989,0.011101636277260185,1.0455195383806777,0.9942364575474862,0.4535341262817383,0.6427631261622219,10.640513945752241,11.104803532718819,8.379811144072734,9.553375372072546,1.1400466201234027,0.24388727724823872,0.013303769401330377,0.14861701744899006,0.36672649704971105,0.218109479600721,0.24313605586896994,0.1425248386679746,-0.10061121720099533,0.3864085378440607,0.10873935963855916,-0.2776691782055015,0.5697774327122154,0.34190950471657855,0.201337141231318
DRIAMS-A,DRIAMS-C,Escherichia coli,Amoxicillin-Clavulanic acid,30,-0.0012828602876611,-0.0029710144927536,0.0013688842518858,2.2,DRIAMS-A->DRIAMS-C|Escherichia coli|Amoxicillin-Clavulanic acid,4826,902,1177,230,0.24388727724823872,0.2549889135254989,0.011101636277260185,1.0455195383806777,0.9942364575474862,0.4535341262817383,0.6427631261622219,10.640513945752241,11.104803532718819,8.379811144072734,9.553375372072546,1.1400466201234027,0.24388727724823872,0.013303769401330377,0.14861701744899006,0.36672649704971105,0.218109479600721,0.24313605586896994,0.1425248386679746,-0.10061121720099533,0.3864085378440607,0.10873935963855916,-0.2776691782055015,0.5697774327122154,0.34190950471657855,0.201337141231318
DRIAMS-A,DRIAMS-C,Escherichia coli,Amoxicillin-Clavulanic acid,50,0.0042352289366961,0.0109394409937888,1.0229598920766248e-05,2.5,DRIAMS-A->DRIAMS-C|Escherichia coli|Amoxicillin-Clavulanic acid,4826,902,1177,230,0.24388727724823872,0.2549889135254989,0.011101636277260185,1.0455195383806777,0.9942364575474862,0.4535341262817383,0.6427631261622219,10.640513945752241,11.104803532718819,8.379811144072734,9.553375372072546,1.1400466201234027,0.24388727724823872,0.013303769401330377,0.14861701744899006,0.36672649704971105,0.218109479600721,0.24313605586896994,0.1425248386679746,-0.10061121720099533,0.3864085378440607,0.10873935963855916,-0.2776691782055015,0.5697774327122154,0.34190950471657855,0.201337141231318
DRIAMS-A,DRIAMS-C,Escherichia coli,Cefepime,20,-0.0059033328819938,0.0070916538658474,-0.002553446985033,5.7,DRIAMS-A->DRIAMS-C|Escherichia coli|Cefepime,4890,622,839,126,0.17157464212678936,0.20257234726688103,0.030997705140091675,1.1806660049285438,0.9921129807534242,0.510299563407898,0.6352050586154934,10.800730241159233,11.075490736578056,8.362169704076459,9.637634180136432,1.1525279348777386,0.17157464212678936,0.008038585209003215,0.03161085464783676,0.1373383775218422,0.10572752287400544,0.17135139280121522,0.04690880140015733,-0.1244425914010579,0.36936519090024034,0.08903912933714207,-0.28032606156309825,0.6730222734254993,0.43853546211722066,0.16916432335260484
DRIAMS-A,DRIAMS-C,Escherichia coli,Cefepime,30,0.017449852999075,0.006637224782386,-0.0059853866109003,7.4,DRIAMS-A->DRIAMS-C|Escherichia coli|Cefepime,4890,622,839,126,0.17157464212678936,0.20257234726688103,0.030997705140091675,1.1806660049285438,0.9921129807534242,0.510299563407898,0.6352050586154934,10.800730241159233,11.075490736578056,8.362169704076459,9.637634180136432,1.1525279348777386,0.17157464212678936,0.008038585209003215,0.03161085464783676,0.1373383775218422,0.10572752287400544,0.17135139280121522,0.04690880140015733,-0.1244425914010579,0.36936519090024034,0.08903912933714207,-0.28032606156309825,0.6730222734254993,0.43853546211722066,0.16916432335260484
DRIAMS-A,DRIAMS-C,Escherichia coli,Cefepime,50,0.0015081666073192,0.0051779313876088,-0.0046318071187756,9.8,DRIAMS-A->DRIAMS-C|Escherichia coli|Cefepime,4890,622,839,126,0.17157464212678936,0.20257234726688103,0.030997705140091675,1.1806660049285438,0.9921129807534242,0.510299563407898,0.6352050586154934,10.800730241159233,11.075490736578056,8.362169704076459,9.637634180136432,1.1525279348777386,0.17157464212678936,0.008038585209003215,0.03161085464783676,0.1373383775218422,0.10572752287400544,0.17135139280121522,0.04690880140015733,-0.1244425914010579,0.36936519090024034,0.08903912933714207,-0.28032606156309825,0.6730222734254993,0.43853546211722066,0.16916432335260484
DRIAMS-A,DRIAMS-C,Escherichia coli,Ceftazidime,20,-0.0141030434874766,-0.0103433552748621,0.0012467928540675,3.6,DRIAMS-A->DRIAMS-C|Escherichia coli|Ceftazidime,4822,915,871,146,0.18063044379925342,0.15956284153005465,0.021067602269198765,0.8833662707898089,0.9923678586079739,0.4452377259731293,0.6480576985783254,10.65829632380156,11.151797000749514,8.374368254993032,9.592063752784103,1.1454074457574812,0.18063044379925342,0.00546448087431694,0.04137326748386854,0.1353078493344577,0.09393458185058914,0.18030329029952352,0.04478641760255479,-0.13551687269696872,0.37441089732308813,0.08361824843478394,-0.2907926488883042,0.6413307240704501,0.31716273374362886,0.1381273624127524
DRIAMS-A,DRIAMS-C,Escherichia coli,Ceftazidime,30,0.0074861018465884,-0.0058779576587795,-0.0013228997709229,5.2,DRIAMS-A->DRIAMS-C|Escherichia coli|Ceftazidime,4822,915,871,146,0.18063044379925342,0.15956284153005465,0.021067602269198765,0.8833662707898089,0.9923678586079739,0.4452377259731293,0.6480576985783254,10.65829632380156,11.151797000749514,8.374368254993032,9.592063752784103,1.1454074457574812,0.18063044379925342,0.00546448087431694,0.04137326748386854,0.1353078493344577,0.09393458185058914,0.18030329029952352,0.04478641760255479,-0.13551687269696872,0.37441089732308813,0.08361824843478394,-0.2907926488883042,0.6413307240704501,0.31716273374362886,0.1381273624127524
DRIAMS-A,DRIAMS-C,Escherichia coli,Ceftazidime,50,0.0256929887950352,0.0113502935420743,-0.0020857215553354,5.1,DRIAMS-A->DRIAMS-C|Escherichia coli|Ceftazidime,4822,915,871,146,0.18063044379925342,0.15956284153005465,0.021067602269198765,0.8833662707898089,0.9923678586079739,0.4452377259731293,0.6480576985783254,10.65829632380156,11.151797000749514,8.374368254993032,9.592063752784103,1.1454074457574812,0.18063044379925342,0.00546448087431694,0.04137326748386854,0.1353078493344577,0.09393458185058914,0.18030329029952352,0.04478641760255479,-0.13551687269696872,0.37441089732308813,0.08361824843478394,-0.2907926488883042,0.6413307240704501,0.31716273374362886,0.1381273624127524
DRIAMS-A,DRIAMS-C,Escherichia coli,Ceftriaxone,20,0.0159273054824462,0.0065131942880591,-0.0014662858413165,6.5,DRIAMS-A->DRIAMS-C|Escherichia coli|Ceftriaxone,4961,916,1086,151,0.21890747833098165,0.1648471615720524,0.05406031675892925,0.7530449065920368,0.9939924423604553,0.44449084997177124,0.6428219507555718,10.641363873344304,11.069067791924207,8.363616211754112,9.52585326474827,1.1389634607289567,0.21890747833098165,0.04475982532751092,0.047023707343375284,0.18930881928973628,0.142285111946361,0.21863345643440663,0.08389500989313711,-0.1347384465412695,0.40253035901026957,0.15306699813566052,-0.24946336087460905,0.6613963809569033,0.3540055709806917,0.1323837822371196
DRIAMS-A,DRIAMS-C,Escherichia coli,Ceftriaxone,30,0.0149784343187782,0.0107950473185136,-0.0018807083759546,9.1,DRIAMS-A->DRIAMS-C|Escherichia coli|Ceftriaxone,4961,916,1086,151,0.21890747833098165,0.1648471615720524,0.05406031675892925,0.7530449065920368,0.9939924423604553,0.44449084997177124,0.6428219507555718,10.641363873344304,11.069067791924207,8.363616211754112,9.52585326474827,1.1389634607289567,0.21890747833098165,0.04475982532751092,0.047023707343375284,0.18930881928973628,0.142285111946361,0.21863345643440663,0.08389500989313711,-0.1347384465412695,0.40253035901026957,0.15306699813566052,-0.24946336087460905,0.6613963809569033,0.3540055709806917,0.1323837822371196
DRIAMS-A,DRIAMS-C,Escherichia coli,Ceftriaxone,50,0.0178781338876103,0.0103944942599277,-0.0020017155224546,8.7,DRIAMS-A->DRIAMS-C|Escherichia coli|Ceftriaxone,4961,916,1086,151,0.21890747833098165,0.1648471615720524,0.05406031675892925,0.7530449065920368,0.9939924423604553,0.44449084997177124,0.6428219507555718,10.641363873344304,11.069067791924207,8.363616211754112,9.52585326474827,1.1389634607289567,0.21890747833098165,0.04475982532751092,0.047023707343375284,0.18930881928973628,0.142285111946361,0.21863345643440663,0.08389500989313711,-0.1347384465412695,0.40253035901026957,0.15306699813566052,-0.24946336087460905,0.6613963809569033,0.3540055709806917,0.1323837822371196
DRIAMS-A,DRIAMS-C,Escherichia coli,Ciprofloxacin,20,0.0060114607170628,0.0060228472326949,-0.0014810474566307,3.0,DRIAMS-A->DRIAMS-C|Escherichia coli|Ciprofloxacin,4911,889,1466,191,0.29851354103034006,0.21484814398200225,0.08366539704833781,0.719726626941073,0.993189458525992,0.43275928497314453,0.6377758694086874,10.633656948769659,11.04898136699964,8.365212154038883,9.61223709360687,1.1490727212418517,0.29851354103034006,0.12373453318335208,0.11279763316867451,0.3117476950056107,0.1989500618369362,0.29812088505370044,0.2073748844500734,-0.09074600060362703,0.42928222278268274,0.265365999757322,-0.16391622302536074,0.8106549414366864,0.6705055884562324,0.11640382611050873
DRIAMS-A,DRIAMS-C,Escherichia coli,Ciprofloxacin,30,0.0047662530125771,0.0032627054742873,-0.001478316712472,5.7,DRIAMS-A->DRIAMS-C|Escherichia coli|Ciprofloxacin,4911,889,1466,191,0.29851354103034006,0.21484814398200225,0.08366539704833781,0.719726626941073,0.993189458525992,0.43275928497314453,0.6377758694086874,10.633656948769659,11.04898136699964,8.365212154038883,9.61223709360687,1.1490727212418517,0.29851354103034006,0.12373453318335208,0.11279763316867451,0.3117476950056107,0.1989500618369362,0.29812088505370044,0.2073748844500734,-0.09074600060362703,0.42928222278268274,0.265365999757322,-0.16391622302536074,0.8106549414366864,0.6705055884562324,0.11640382611050873
DRIAMS-A,DRIAMS-C,Escherichia coli,Ciprofloxacin,50,0.0040951748546052,0.0022315952847735,-0.0011275282313465,5.7,DRIAMS-A->DRIAMS-C|Escherichia coli|Ciprofloxacin,4911,889,1466,191,0.29851354103034006,0.21484814398200225,0.08366539704833781,0.719726626941073,0.993189458525992,0.43275928497314453,0.6377758694086874,10.633656948769659,11.04898136699964,8.365212154038883,9.61223709360687,1.1490727212418517,0.29851354103034006,0.12373453318335208,0.11279763316867451,0.3117476950056107,0.1989500618369362,0.29812088505370044,0.2073748844500734,-0.09074600060362703,0.42928222278268274,0.265365999757322,-0.16391622302536074,0.8106549414366864,0.6705055884562324,0.11640382611050873
DRIAMS-A,DRIAMS-C,Escherichia coli,Cotrimoxazole,20,-0.0014251496685096,-0.0001978129445235,0.0006077187619495,0.7,DRIAMS-A->DRIAMS-C|Escherichia coli|Cotrimoxazole,4888,896,1595,304,0.3263093289689034,0.3392857142857143,0.01297638531681089,1.0397671294223019,0.9929772894990648,0.44931092858314514,0.6454129404702896,10.656523301617018,11.128028487893088,8.375323706943353,9.579004980889815,1.14371758227668,0.3263093289689034,0.09709821428571429,0.20961786266741725,0.5057950282972803,0.29617716562986307,0.32580702130809797,0.26071758379820464,-0.06508943750989332,0.4085822292808763,0.160553878837613,-0.2480283504432633,0.6016447368421053,0.43307463206414976,0.23195285003031912
DRIAMS-A,DRIAMS-C,Escherichia coli,Cotrimoxazole,30,0.0073581127833061,0.007076813655761,-0.00139655673828,-1.4,DRIAMS-A->DRIAMS-C|Escherichia coli|Cotrimoxazole,4888,896,1595,304,0.3263093289689034,0.3392857142857143,0.01297638531681089,1.0397671294223019,0.9929772894990648,0.44931092858314514,0.6454129404702896,10.656523301617018,11.128028487893088,8.375323706943353,9.579004980889815,1.14371758227668,0.3263093289689034,0.09709821428571429,0.20961786266741725,0.5057950282972803,0.29617716562986307,0.32580702130809797,0.26071758379820464,-0.06508943750989332,0.4085822292808763,0.160553878837613,-0.2480283504432633,0.6016447368421053,0.43307463206414976,0.23195285003031912
DRIAMS-A,DRIAMS-C,Escherichia coli,Cotrimoxazole,50,0.005738120625229,0.0029694167852062,-0.0008389345192583,2.6,DRIAMS-A->DRIAMS-C|Escherichia coli|Cotrimoxazole,4888,896,1595,304,0.3263093289689034,0.3392857142857143,0.01297638531681089,1.0397671294223019,0.9929772894990648,0.44931092858314514,0.6454129404702896,10.656523301617018,11.128028487893088,8.375323706943353,9.579004980889815,1.14371758227668,0.3263093289689034,0.09709821428571429,0.20961786266741725,0.5057950282972803,0.29617716562986307,0.32580702130809797,0.26071758379820464,-0.06508943750989332,0.4085822292808763,0.160553878837613,-0.2480283504432633,0.6016447368421053,0.43307463206414976,0.23195285003031912
DRIAMS-A,DRIAMS-C,Escherichia coli,Norfloxacin,20,-0.0022838673670187,-0.0107063347500505,-0.0028317462842332,4.7,DRIAMS-A->DRIAMS-C|Escherichia coli|Norfloxacin,1488,446,390,122,0.2620967741935484,0.273542600896861,0.011445826703312623,1.0436702311141774,0.9940661314431748,0.535570502281189,0.8564721015107754,11.395111713422242,13.565904217664436,9.367816715631434,10.670133108301547,1.1390202682442565,0.2620967741935484,0.11659192825112108,0.006233576938601395,0.18747779484037774,0.18124421790177636,0.262024828100076,0.1478870210711068,-0.1141378070289692,0.43883415418963234,0.26901744607512246,-0.16981670811450988,0.7833130945152803,0.6961002297517463,0.15365224663663044
DRIAMS-A,DRIAMS-C,Escherichia coli,Norfloxacin,30,0.0011511316628463,-0.0010220603116777,-0.0011696781837207,3.4,DRIAMS-A->DRIAMS-C|Escherichia coli|Norfloxacin,1488,446,390,122,0.2620967741935484,0.273542600896861,0.011445826703312623,1.0436702311141774,0.9940661314431748,0.535570502281189,0.8564721015107754,11.395111713422242,13.565904217664436,9.367816715631434,10.670133108301547,1.1390202682442565,0.2620967741935484,0.11659192825112108,0.006233576938601395,0.18747779484037774,0.18124421790177636,0.262024828100076,0.1478870210711068,-0.1141378070289692,0.43883415418963234,0.26901744607512246,-0.16981670811450988,0.7833130945152803,0.6961002297517463,0.15365224663663044
DRIAMS-A,DRIAMS-C,Escherichia coli,Norfloxacin,50,0.007825427479259,0.0077818255413884,-0.0010249600662914,2.5,DRIAMS-A->DRIAMS-C|Escherichia coli|Norfloxacin,1488,446,390,122,0.2620967741935484,0.273542600896861,0.011445826703312623,1.0436702311141774,0.9940661314431748,0.535570502281189,0.8564721015107754,11.395111713422242,13.565904217664436,9.367816715631434,10.670133108301547,1.1390202682442565,0.2620967741935484,0.11659192825112108,0.006233576938601395,0.18747779484037774,0.18124421790177636,0.262024828100076,0.1478870210711068,-0.1141378070289692,0.43883415418963234,0.26901744607512246,-0.16981670811450988,0.7833130945152803,0.6961002297517463,0.15365224663663044
DRIAMS-A,DRIAMS-C,Klebsiella pneumoniae,Cotrimoxazole,20,0.0310120361400055,0.0020362828582006,-0.0029998343962061,3.1,DRIAMS-A->DRIAMS-C|Klebsiella pneumoniae|Cotrimoxazole,2854,366,606,74,0.212333566923616,0.20218579234972678,0.010147774573889212,0.952208335587657,0.9926792422484405,0.5369187593460083,0.7660956986186117,11.283856003002095,11.677775175714753,8.537282455761114,9.62250890327933,1.1271161465187187,0.212333566923616,0.00819672131147541,0.029035889508374706,0.1698503956692158,0.1408145061608411,0.21202615551922746,0.05728303026226186,-0.1547431252569656,0.4028153858405792,0.0897520894790769,-0.3130632963615023,0.5860051832654573,0.28838232256063334,0.1802520016402433
DRIAMS-A,DRIAMS-C,Klebsiella pneumoniae,Cotrimoxazole,30,-0.0031320165963883,0.0125138837467604,0.0002168565065415,2.0,DRIAMS-A->DRIAMS-C|Klebsiella pneumoniae|Cotrimoxazole,2854,366,606,74,0.212333566923616,0.20218579234972678,0.010147774573889212,0.952208335587657,0.9926792422484405,0.5369187593460083,0.7660956986186117,11.283856003002095,11.677775175714753,8.537282455761114,9.62250890327933,1.1271161465187187,0.212333566923616,0.00819672131147541,0.029035889508374706,0.1698503956692158,0.1408145061608411,0.21202615551922746,0.05728303026226186,-0.1547431252569656,0.4028153858405792,0.0897520894790769,-0.3130632963615023,0.5860051832654573,0.28838232256063334,0.1802520016402433
DRIAMS-A,DRIAMS-C,Klebsiella pneumoniae,Cotrimoxazole,50,0.0096114562162278,0.0104035542391707,-0.0011628637473091,2.9,DRIAMS-A->DRIAMS-C|Klebsiella pneumoniae|Cotrimoxazole,2854,366,606,74,0.212333566923616,0.20218579234972678,0.010147774573889212,0.952208335587657,0.9926792422484405,0.5369187593460083,0.7660956986186117,11.283856003002095,11.677775175714753,8.537282455761114,9.62250890327933,1.1271161465187187,0.212333566923616,0.00819672131147541,0.029035889508374706,0.1698503956692158,0.1408145061608411,0.21202615551922746,0.05728303026226186,-0.1547431252569656,0.4028153858405792,0.0897520894790769,-0.3130632963615023,0.5860051832654573,0.28838232256063334,0.1802520016402433
DRIAMS-A,DRIAMS-C,Proteus mirabilis,Cotrimoxazole,20,0.0219561716504998,0.0220357142857142,0.0004714793599694,-0.7,DRIAMS-A->DRIAMS-C|Proteus mirabilis|Cotrimoxazole,915,220,266,80,0.2907103825136612,0.36363636363636365,0.07292598112270243,1.2508544087491456,0.9853551912568306,0.35984840989112854,0.5053771404032915,11.119237328878517,10.253808712309057,9.592021888201353,9.520752216469157,0.9925699010528884,0.2907103825136612,0.0,0.0084570544087684,0.17557182899779075,0.16711477458902235,0.2906272816513351,0.04974757156470695,-0.24087971008662817,0.4528298289140578,0.049517144742511655,-0.40331268417154614,0.5275000000000001,0.4156244616830379,0.33394852875826075
DRIAMS-A,DRIAMS-C,Proteus mirabilis,Cotrimoxazole,30,0.04156912924504,0.0198571428571428,-0.0062751004104075,0.1,DRIAMS-A->DRIAMS-C|Proteus mirabilis|Cotrimoxazole,915,220,266,80,0.2907103825136612,0.36363636363636365,0.07292598112270243,1.2508544087491456,0.9853551912568306,0.35984840989112854,0.5053771404032915,11.119237328878517,10.253808712309057,9.592021888201353,9.520752216469157,0.9925699010528884,0.2907103825136612,0.0,0.0084570544087684,0.17557182899779075,0.16711477458902235,0.2906272816513351,0.04974757156470695,-0.24087971008662817,0.4528298289140578,0.049517144742511655,-0.40331268417154614,0.5275000000000001,0.4156244616830379,0.33394852875826075
DRIAMS-A,DRIAMS-C,Proteus mirabilis,Cotrimoxazole,50,0.0266481971467343,0.0038928571428571,-0.008803441283755,1.8,DRIAMS-A->DRIAMS-C|Proteus mirabilis|Cotrimoxazole,915,220,266,80,0.2907103825136612,0.36363636363636365,0.07292598112270243,1.2508544087491456,0.9853551912568306,0.35984840989112854,0.5053771404032915,11.119237328878517,10.253808712309057,9.592021888201353,9.520752216469157,0.9925699010528884,0.2907103825136612,0.0,0.0084570544087684,0.17557182899779075,0.16711477458902235,0.2906272816513351,0.04974757156470695,-0.24087971008662817,0.4528298289140578,0.049517144742511655,-0.40331268417154614,0.5275000000000001,0.4156244616830379,0.33394852875826075
DRIAMS-A,DRIAMS-C,Staphylococcus aureus,Clindamycin,20,0.0016996991559893,0.0210370719024565,-0.0004279295468969,2.5,DRIAMS-A->DRIAMS-C|Staphylococcus aureus|Clindamycin,3575,651,519,79,0.14517482517482516,0.12135176651305683,0.02382305866176833,0.8359008965013067,0.9915280418506224,0.5557421445846558,0.6546996317663976,11.238172866781275,12.967234725043888,8.49693292089609,11.9754759300689,1.4093880746802414,0.14517482517482516,0.0015360983102918587,0.019063152315119618,0.039287269364035454,0.020224117048915836,0.14494155188096325,0.008954197473865048,-0.1359873544070982,0.34772055217801257,0.029719663366882854,-0.3180008888111297,0.5648765017034247,0.19161499105161853,0.11775874790637897
DRIAMS-A,DRIAMS-C,Staphylococcus aureus,Clindamycin,30,0.0079895221035125,0.0131663528778913,0.0001827212890285,1.1,DRIAMS-A->DRIAMS-C|Staphylococcus aureus|Clindamycin,3575,651,519,79,0.14517482517482516,0.12135176651305683,0.02382305866176833,0.8359008965013067,0.9915280418506224,0.5557421445846558,0.6546996317663976,11.238172866781275,12.967234725043888,8.49693292089609,11.9754759300689,1.4093880746802414,0.14517482517482516,0.0015360983102918587,0.019063152315119618,0.039287269364035454,0.020224117048915836,0.14494155188096325,0.008954197473865048,-0.1359873544070982,0.34772055217801257,0.029719663366882854,-0.3180008888111297,0.5648765017034247,0.19161499105161853,0.11775874790637897
DRIAMS-A,DRIAMS-C,Staphylococcus aureus,Clindamycin,50,0.0284125297975098,0.0190030482338175,-0.0009963987917798,3.9,DRIAMS-A->DRIAMS-C|Staphylococcus aureus|Clindamycin,3575,651,519,79,0.14517482517482516,0.12135176651305683,0.02382305866176833,0.8359008965013067,0.9915280418506224,0.5557421445846558,0.6546996317663976,11.238172866781275,12.967234725043888,8.49693292089609,11.9754759300689,1.4093880746802414,0.14517482517482516,0.0015360983102918587,0.019063152315119618,0.039287269364035454,0.020224117048915836,0.14494155188096325,0.008954197473865048,-0.1359873544070982,0.34772055217801257,0.029719663366882854,-0.3180008888111297,0.5648765017034247,0.19161499105161853,0.11775874790637897
DRIAMS-A,DRIAMS-C,Staphylococcus aureus,Penicillin,20,0.0060981159754463,0.007868509414562,-0.0017169450726525,-6.0,DRIAMS-A->DRIAMS-C|Staphylococcus aureus|Penicillin,3553,738,2611,547,0.7348719392063046,0.7411924119241192,0.0063204727178146625,1.0086007811437747,0.9914496471167921,0.551287829875946,0.658242171622038,11.17401468487414,13.119750306082935,8.498923017721662,12.03733055740191,1.4163359913134974,0.7348719392063046,0.9742547425474255,0.08042807488730098,0.2763472255361674,0.19591915064886645,0.7352336113851363,0.8881128951165969,0.15287928373146054,0.42240232848026377,0.13137764077088052,-0.2910246877093833,0.7350663312548638,0.8957634639539143,0.19776318779773105
DRIAMS-A,DRIAMS-C,Staphylococcus aureus,Penicillin,30,0.0048260093486982,0.0087424511235978,-0.0005321581550566,-6.6,DRIAMS-A->DRIAMS-C|Staphylococcus aureus|Penicillin,3553,738,2611,547,0.7348719392063046,0.7411924119241192,0.0063204727178146625,1.0086007811437747,0.9914496471167921,0.551287829875946,0.658242171622038,11.17401468487414,13.119750306082935,8.498923017721662,12.03733055740191,1.4163359913134974,0.7348719392063046,0.9742547425474255,0.08042807488730098,0.2763472255361674,0.19591915064886645,0.7352336113851363,0.8881128951165969,0.15287928373146054,0.42240232848026377,0.13137764077088052,-0.2910246877093833,0.7350663312548638,0.8957634639539143,0.19776318779773105
DRIAMS-A,DRIAMS-C,Staphylococcus aureus,Penicillin,50,0.0047352744177015,0.0079999936674927,-0.0022102726957019,-11.0,DRIAMS-A->DRIAMS-C|Staphylococcus aureus|Penicillin,3553,738,2611,547,0.7348719392063046,0.7411924119241192,0.0063204727178146625,1.0086007811437747,0.9914496471167921,0.551287829875946,0.658242171622038,11.17401468487414,13.119750306082935,8.498923017721662,12.03733055740191,1.4163359913134974,0.7348719392063046,0.9742547425474255,0.08042807488730098,0.2763472255361674,0.19591915064886645,0.7352336113851363,0.8881128951165969,0.15287928373146054,0.42240232848026377,0.13137764077088052,-0.2910246877093833,0.7350663312548638,0.8957634639539143,0.19776318779773105
DRIAMS-B,DRIAMS-C,Staphylococcus aureus,Clindamycin,20,-0.0008054481694851,0.0029735969159046,9.429027801645118e-05,0.3,DRIAMS-B->DRIAMS-C|Staphylococcus aureus|Clindamycin,348,651,37,79,0.10632183908045977,0.12135176651305683,0.015029927432597068,1.1413625607173994,0.9922841958437064,0.5828742980957031,0.7033335002769913,11.805748193017367,13.8029385811356,10.475410621878744,10.449050641975461,0.9974836327801577,0.10632183908045977,0.0,0.0005715099215402172,0.01046331359444749,0.009891803672907273,0.10629714294634332,0.0016802741239425076,-0.10461686882240082,0.30812087419052475,0.004633573690240474,-0.3034873005002843,0.5077454276492739,0.1443005658240729,0.12113933048365591
DRIAMS-B,DRIAMS-C,Staphylococcus aureus,Clindamycin,30,0.0077162974527751,0.0226205845436614,-0.0002155239535057,2.0,DRIAMS-B->DRIAMS-C|Staphylococcus aureus|Clindamycin,348,651,37,79,0.10632183908045977,0.12135176651305683,0.015029927432597068,1.1413625607173994,0.9922841958437064,0.5828742980957031,0.7033335002769913,11.805748193017367,13.8029385811356,10.475410621878744,10.449050641975461,0.9974836327801577,0.10632183908045977,0.0,0.0005715099215402172,0.01046331359444749,0.009891803672907273,0.10629714294634332,0.0016802741239425076,-0.10461686882240082,0.30812087419052475,0.004633573690240474,-0.3034873005002843,0.5077454276492739,0.1443005658240729,0.12113933048365591
DRIAMS-B,DRIAMS-C,Staphylococcus aureus,Clindamycin,50,0.0118329502734789,0.0105515958400574,7.791248921122095e-05,0.9,DRIAMS-B->DRIAMS-C|Staphylococcus aureus|Clindamycin,348,651,37,79,0.10632183908045977,0.12135176651305683,0.015029927432597068,1.1413625607173994,0.9922841958437064,0.5828742980957031,0.7033335002769913,11.805748193017367,13.8029385811356,10.475410621878744,10.449050641975461,0.9974836327801577,0.10632183908045977,0.0,0.0005715099215402172,0.01046331359444749,0.009891803672907273,0.10629714294634332,0.0016802741239425076,-0.10461686882240082,0.30812087419052475,0.004633573690240474,-0.3034873005002843,0.5077454276492739,0.1443005658240729,0.12113933048365591
