budget_n,transfer_id,policy_choice,oracle_choice,predicted_delta_prauc,observed_delta_prauc,prauc_random,prauc_hybrid,prauc_policy,prauc_oracle,regret_prauc
20,DRIAMS-A->DRIAMS-B|Escherichia coli|Amoxicillin-Clavulanic acid,random,random,-0.0006992433259907,-0.0072652944238296,0.5217780138554258,0.514512719431596,0.5217780138554258,0.5217780138554258,0.0
20,DRIAMS-A->DRIAMS-B|Staphylococcus epidermidis|Amoxicillin-Clavulanic acid,random,random,-0.0034265759348141,-0.0068875210243776,0.8086231366051411,0.8017356155807634,0.8086231366051411,0.8086231366051411,0.0
20,DRIAMS-A->DRIAMS-B|Staphylococcus epidermidis|Cefepime,random,random,-0.0036500262263901,-0.0054611231979123,0.8063753058239068,0.8009141826259945,0.8063753058239068,0.8063753058239068,0.0
20,DRIAMS-A->DRIAMS-B|Staphylococcus epidermidis|Ciprofloxacin,random,hybrid,-0.0043746415083241,0.0029724364314139,0.9195687269094992,0.9225411633409134,0.9195687269094992,0.9225411633409134,0.002972436431414
20,DRIAMS-A->DRIAMS-B|Staphylococcus epidermidis|Clindamycin,random,random,-0.0032169567208647,-0.008814432305745,0.630054685366843,0.6212402530610979,0.630054685366843,0.630054685366843,0.0
20,DRIAMS-A->DRIAMS-B|Staphylococcus epidermidis|Erythromycin,random,random,-0.0038665162732098,-0.0024815544166876,0.5570138871646919,0.5545323327480043,0.5570138871646919,0.5570138871646919,0.0
20,DRIAMS-A->DRIAMS-B|Staphylococcus epidermidis|Fusidic acid,random,random,-0.003184041410456,-0.0061791210004867,0.6899989886390611,0.6838198676385743,0.6899989886390611,0.6899989886390611,0.0
20,DRIAMS-A->DRIAMS-B|Staphylococcus epidermidis|Oxacillin,random,random,-0.0033214016232298,-0.0047956781255374,0.8084384624907847,0.8036427843652473,0.8084384624907847,0.8084384624907847,0.0
20,DRIAMS-A->DRIAMS-C|Escherichia coli|Amoxicillin-Clavulanic acid,hybrid,random,0.0051938975977118,-0.0018068402842357,0.3403446406436144,0.3385378003593786,0.3385378003593786,0.3403446406436144,0.0018068402842357
20,DRIAMS-A->DRIAMS-C|Escherichia coli|Cefepime,hybrid,hybrid,0.0032364626697984,0.0008703953505124,0.4336368981617194,0.434507293512232,0.434507293512232,0.434507293512232,0.0
20,DRIAMS-A->DRIAMS-C|Escherichia coli|Ceftazidime,hybrid,hybrid,0.0028413943026836,0.0116636326718043,0.3043665685462357,0.3160302012180401,0.3160302012180401,0.3160302012180401,0.0
20,DRIAMS-A->DRIAMS-C|Escherichia coli|Ceftriaxone,hybrid,hybrid,0.0023663044855436,0.0109172853811356,0.3483973062266501,0.3593145916077858,0.3593145916077858,0.3593145916077858,0.0
20,DRIAMS-A->DRIAMS-C|Escherichia coli|Ciprofloxacin,hybrid,hybrid,0.0041723360396236,0.0001148964418653,0.6824137353533398,0.6825286317952052,0.6825286317952052,0.6825286317952052,0.0
20,DRIAMS-A->DRIAMS-C|Escherichia coli|Cotrimoxazole,hybrid,random,0.0041157217761945,-0.0004320398236363,0.4232219465471963,0.42278990672356,0.42278990672356,0.4232219465471963,0.0004320398236363
20,DRIAMS-A->DRIAMS-C|Escherichia coli|Norfloxacin,hybrid,hybrid,0.0099518556168379,0.004544315835607,0.7039515236719883,0.7084958395075954,0.7084958395075954,0.7084958395075954,0.0
20,DRIAMS-A->DRIAMS-C|Klebsiella pneumoniae|Cotrimoxazole,hybrid,hybrid,0.0043110974523808,0.0104808711979213,0.3090656710663437,0.3195465422642652,0.3195465422642652,0.3195465422642652,0.0
20,DRIAMS-A->DRIAMS-C|Proteus mirabilis|Cotrimoxazole,hybrid,random,0.0044323190655416,-0.0009487299359429,0.4340502572297253,0.4331015272937823,0.4331015272937823,0.4340502572297253,0.000948729935943
20,DRIAMS-A->DRIAMS-C|Staphylococcus aureus|Clindamycin,hybrid,hybrid,0.0013800268753242,0.009977915675868,0.2034089712674728,0.2133868869433408,0.2133868869433408,0.2133868869433408,0.0
20,DRIAMS-A->DRIAMS-C|Staphylococcus aureus|Penicillin,hybrid,hybrid,0.0024356916085994,0.0013080777207229,0.8908002092338115,0.8921082869545346,0.8921082869545346,0.8921082869545346,0.0
20,DRIAMS-B->DRIAMS-C|Staphylococcus aureus|Clindamycin,random,random,-0.0226410018737949,-0.0003546477656377,0.1462534329768609,0.1458987852112231,0.1462534329768609,0.1462534329768609,0.0
30,DRIAMS-A->DRIAMS-B|Escherichia coli|Amoxicillin-Clavulanic acid,random,hybrid,-0.0005569281139575,0.0074040083680383,0.5301756555410069,0.5375796639090452,0.5301756555410069,0.5375796639090452,0.0074040083680383
30,DRIAMS-A->DRIAMS-B|Staphylococcus epidermidis|Amoxicillin-Clavulanic acid,random,random,-0.0042477103330649,-0.0092587934710254,0.8141081936458637,0.8048494001748384,0.8141081936458637,0.8141081936458637,0.0
30,DRIAMS-A->DRIAMS-B|Staphylococcus epidermidis|Cefepime,random,random,-0.0040367701805837,-0.0104097383480851,0.8144815634014642,0.804071825053379,0.8144815634014642,0.8144815634014642,0.0
30,DRIAMS-A->DRIAMS-B|Staphylococcus epidermidis|Ciprofloxacin,random,hybrid,-0.0056085138140654,0.0035453070928681,0.9207034138628456,0.9242487209557138,0.9207034138628456,0.9242487209557138,0.003545307092868
30,DRIAMS-A->DRIAMS-B|Staphylococcus epidermidis|Clindamycin,random,random,-0.0048968770102239,-0.0056942480579651,0.6359754431274061,0.6302811950694409,0.6359754431274061,0.6359754431274061,0.0
30,DRIAMS-A->DRIAMS-B|Staphylococcus epidermidis|Erythromycin,random,random,-0.0045107327155968,-0.006532636218192,0.5666569123463675,0.5601242761281754,0.5666569123463675,0.5666569123463675,0.0
30,DRIAMS-A->DRIAMS-B|Staphylococcus epidermidis|Fusidic acid,random,random,-0.0031319335518891,-0.0154085512845679,0.6986226375488299,0.6832140862642619,0.6986226375488299,0.6986226375488299,0.0
30,DRIAMS-A->DRIAMS-B|Staphylococcus epidermidis|Oxacillin,random,random,-0.0043560006320062,-0.0060313880561688,0.8090986841374895,0.8030672960813208,0.8090986841374895,0.8090986841374895,0.0
30,DRIAMS-A->DRIAMS-C|Escherichia coli|Amoxicillin-Clavulanic acid,hybrid,hybrid,0.0054830598872532,0.0040179269465022,0.3363834291849176,0.3404013561314199,0.3404013561314199,0.3404013561314199,0.0
30,DRIAMS-A->DRIAMS-C|Escherichia coli|Cefepime,hybrid,hybrid,0.0053163850212145,0.0093585997768398,0.4313144543971996,0.4406730541740395,0.4406730541740395,0.4406730541740395,0.0
30,DRIAMS-A->DRIAMS-C|Escherichia coli|Ceftazidime,hybrid,hybrid,0.0064788498387284,0.0050860773251071,0.3082366322087195,0.3133227095338267,0.3133227095338267,0.3133227095338267,0.0
30,DRIAMS-A->DRIAMS-C|Escherichia coli|Ceftriaxone,hybrid,hybrid,0.0055964754645091,0.0046752634902445,0.3537504433484869,0.3584257068387314,0.3584257068387314,0.3584257068387314,0.0
30,DRIAMS-A->DRIAMS-C|Escherichia coli|Ciprofloxacin,hybrid,hybrid,0.0060769292721497,0.0052655916477359,0.6811726998274001,0.6864382914751361,0.6864382914751361,0.6864382914751361,0.0
30,DRIAMS-A->DRIAMS-C|Escherichia coli|Cotrimoxazole,hybrid,hybrid,0.0064944571090754,0.0016620069267076,0.4244967742343191,0.4261587811610268,0.4261587811610268,0.4261587811610268,0.0
30,DRIAMS-A->DRIAMS-C|Escherichia coli|Norfloxacin,hybrid,hybrid,0.0152848679911437,0.0038629337599695,0.7028507240792997,0.7067136578392693,0.7067136578392693,0.7067136578392693,0.0
30,DRIAMS-A->DRIAMS-C|Klebsiella pneumoniae|Cotrimoxazole,hybrid,hybrid,0.0037928556239747,0.0210573416241665,0.3133469823975826,0.3344043240217491,0.3344043240217491,0.3344043240217491,0.0
30,DRIAMS-A->DRIAMS-C|Proteus mirabilis|Cotrimoxazole,hybrid,hybrid,0.0134439264629374,0.0053135485393879,0.442703884314312,0.4480174328536999,0.4480174328536999,0.4480174328536999,0.0
30,DRIAMS-A->DRIAMS-C|Staphylococcus aureus|Clindamycin,hybrid,hybrid,0.0044655165763922,0.0114500999881492,0.209915302343827,0.2213654023319763,0.2213654023319763,0.2213654023319763,0.0
30,DRIAMS-A->DRIAMS-C|Staphylococcus aureus|Penicillin,hybrid,hybrid,0.0056121618957294,0.0013175127883671,0.8914536479570286,0.8927711607453958,0.8927711607453958,0.8927711607453958,0.0
30,DRIAMS-B->DRIAMS-C|Staphylococcus aureus|Clindamycin,random,hybrid,-0.0052869224772203,0.0050219390578648,0.1479396340980184,0.1529615731558833,0.1479396340980184,0.1529615731558833,0.0050219390578648
50,DRIAMS-A->DRIAMS-B|Escherichia coli|Amoxicillin-Clavulanic acid,hybrid,hybrid,0.0001537324608144,0.006945557230389,0.5243169959327545,0.5312625531631434,0.5312625531631434,0.5312625531631434,0.0
50,DRIAMS-A->DRIAMS-B|Staphylococcus epidermidis|Amoxicillin-Clavulanic acid,random,random,-0.0070338929661484,-0.0050686985786888,0.8223826741326077,0.8173139755539188,0.8223826741326077,0.8223826741326077,0.0
50,DRIAMS-A->DRIAMS-B|Staphylococcus epidermidis|Cefepime,random,random,-0.0066496371441092,-0.0031515107964697,0.8173271707840132,0.8141756599875434,0.8173271707840132,0.8173271707840132,0.0
50,DRIAMS-A->DRIAMS-B|Staphylococcus epidermidis|Ciprofloxacin,random,hybrid,-0.0078775564736892,0.0024395372024628,0.9214243650982448,0.9238639023007076,0.9214243650982448,0.9238639023007076,0.0024395372024628
50,DRIAMS-A->DRIAMS-B|Staphylococcus epidermidis|Clindamycin,random,random,-0.0069213638990202,-0.0099197169775247,0.6527003082626652,0.6427805912851404,0.6527003082626652,0.6527003082626652,0.0
50,DRIAMS-A->DRIAMS-B|Staphylococcus epidermidis|Erythromycin,random,random,-0.004319041283133,-0.0210053577071537,0.586289330008988,0.5652839723018341,0.586289330008988,0.586289330008988,0.0
50,DRIAMS-A->DRIAMS-B|Staphylococcus epidermidis|Fusidic acid,random,random,-0.006283523477442,-0.01053216039565,0.7103991520018385,0.6998669916061883,0.7103991520018385,0.7103991520018385,0.0
50,DRIAMS-A->DRIAMS-B|Staphylococcus epidermidis|Oxacillin,random,random,-0.0069610391749536,-0.005545494605923,0.8194686485177125,0.8139231539117894,0.8194686485177125,0.8194686485177125,0.0
50,DRIAMS-A->DRIAMS-C|Escherichia coli|Amoxicillin-Clavulanic acid,hybrid,random,0.0063082242131509,-0.0053586326481626,0.3401563687153393,0.3347977360671765,0.3347977360671765,0.3401563687153393,0.0053586326481627
50,DRIAMS-A->DRIAMS-C|Escherichia coli|Cefepime,hybrid,hybrid,0.0066251223466589,0.0085982721572287,0.4377737978808977,0.4463720700381264,0.4463720700381264,0.4463720700381264,0.0
50,DRIAMS-A->DRIAMS-C|Escherichia coli|Ceftazidime,hybrid,hybrid,0.0065706325485197,0.0055683026153356,0.3148273439315777,0.3203956465469134,0.3203956465469134,0.3203956465469134,0.0
50,DRIAMS-A->DRIAMS-C|Escherichia coli|Ceftriaxone,hybrid,hybrid,0.001042218729913,0.0108588344293019,0.3506620306592102,0.3615208650885122,0.3615208650885122,0.3615208650885122,0.0
50,DRIAMS-A->DRIAMS-C|Escherichia coli|Ciprofloxacin,hybrid,hybrid,0.004604448965745,0.0032580475311509,0.6819637380338971,0.685221785565048,0.685221785565048,0.685221785565048,0.0
50,DRIAMS-A->DRIAMS-C|Escherichia coli|Cotrimoxazole,hybrid,random,0.0068883455499071,-0.0032190175680784,0.4319538348302839,0.4287348172622054,0.4287348172622054,0.4319538348302839,0.0032190175680784
50,DRIAMS-A->DRIAMS-C|Escherichia coli|Norfloxacin,hybrid,hybrid,0.0145525945954484,0.0060282368740658,0.7027818636940046,0.7088101005680705,0.7088101005680705,0.7088101005680705,0.0
50,DRIAMS-A->DRIAMS-C|Klebsiella pneumoniae|Cotrimoxazole,hybrid,hybrid,0.0065556649027781,0.0158871516302695,0.3383878100501135,0.354274961680383,0.354274961680383,0.354274961680383,0.0
50,DRIAMS-A->DRIAMS-C|Proteus mirabilis|Cotrimoxazole,hybrid,hybrid,0.0210795906644741,0.0133422796100648,0.4468768684674186,0.4602191480774834,0.4602191480774834,0.4602191480774834,0.0
50,DRIAMS-A->DRIAMS-C|Staphylococcus aureus|Clindamycin,hybrid,hybrid,0.0059516148401533,0.0224703460567401,0.2134203775953664,0.2358907236521065,0.2358907236521065,0.2358907236521065,0.0
50,DRIAMS-A->DRIAMS-C|Staphylococcus aureus|Penicillin,hybrid,hybrid,0.0095379818075732,6.937587767153586e-05,0.8922245523442133,0.8922939282218847,0.8922939282218847,0.8922939282218847,0.0
50,DRIAMS-B->DRIAMS-C|Staphylococcus aureus|Clindamycin,random,hybrid,-0.0032125864036649,0.0083091135678054,0.1483483033465326,0.156657416914338,0.1483483033465326,0.156657416914338,0.0083091135678054
