transfer_id,source,target,species,drug,predicted_delta_prauc_hybrid_random,observed_delta_prauc_hybrid_random,selected_alpha,policy_choice,oracle_choice,prauc_random,prauc_hybrid,prauc_policy,prauc_oracle,auroc_random,auroc_hybrid,auroc_policy,auroc_oracle,brier_random,brier_hybrid,brier_policy,brier_oracle,policy_correct_direction,regret_prauc,budget_n
DRIAMS-A->DRIAMS-B|Escherichia coli|Amoxicillin-Clavulanic acid,DRIAMS-A,DRIAMS-B,Escherichia coli,Amoxicillin-Clavulanic acid,-0.0006992433259907,-0.0072652944238296,10.0,random,random,0.5217780138554258,0.514512719431596,0.5217780138554258,0.5217780138554258,0.6313003095975231,0.630905572755418,0.6313003095975231,0.6313003095975231,0.2635790918483417,0.2627390078965358,0.2635790918483417,0.2635790918483417,True,0.0,20
DRIAMS-A->DRIAMS-B|Staphylococcus epidermidis|Amoxicillin-Clavulanic acid,DRIAMS-A,DRIAMS-B,Staphylococcus epidermidis,Amoxicillin-Clavulanic acid,-0.0034265759348141,-0.0068875210243776,10.0,random,random,0.8086231366051411,0.8017356155807634,0.8086231366051411,0.8086231366051411,0.7285030216462282,0.7258719156447416,0.7285030216462282,0.7285030216462282,0.2411562612895176,0.2457494514584023,0.2411562612895176,0.2411562612895176,True,0.0,20
DRIAMS-A->DRIAMS-B|Staphylococcus epidermidis|Cefepime,DRIAMS-A,DRIAMS-B,Staphylococcus epidermidis,Cefepime,-0.0036500262263901,-0.0054611231979123,10.0,random,random,0.8063753058239068,0.8009141826259945,0.8063753058239068,0.8063753058239068,0.7292496028428094,0.7241882316053512,0.7292496028428094,0.7292496028428094,0.2416773166869711,0.2449453672668329,0.2416773166869711,0.2416773166869711,True,0.0,20
DRIAMS-A->DRIAMS-B|Staphylococcus epidermidis|Ciprofloxacin,DRIAMS-A,DRIAMS-B,Staphylococcus epidermidis,Ciprofloxacin,-0.0043746415083241,0.0029724364314139,10.0,random,hybrid,0.9195687269094992,0.9225411633409134,0.9195687269094992,0.9225411633409134,0.9184262073623776,0.9226409996622762,0.9184262073623776,0.9226409996622762,0.1100439236694365,0.0986220880928833,0.1100439236694365,0.0986220880928833,False,0.002972436431414,20
DRIAMS-A->DRIAMS-B|Staphylococcus epidermidis|Clindamycin,DRIAMS-A,DRIAMS-B,Staphylococcus epidermidis,Clindamycin,-0.0032169567208647,-0.008814432305745,10.0,random,random,0.630054685366843,0.6212402530610979,0.630054685366843,0.630054685366843,0.6832056026535193,0.676197027316819,0.6832056026535193,0.6832056026535193,0.232711456100189,0.2316180720441716,0.232711456100189,0.232711456100189,True,0.0,20
DRIAMS-A->DRIAMS-B|Staphylococcus epidermidis|Erythromycin,DRIAMS-A,DRIAMS-B,Staphylococcus epidermidis,Erythromycin,-0.0038665162732098,-0.0024815544166876,10.0,random,random,0.5570138871646919,0.5545323327480043,0.5570138871646919,0.5570138871646919,0.6297770187170914,0.6293388629463085,0.6297770187170914,0.6297770187170914,0.2594164078962869,0.2589550878604368,0.2594164078962869,0.2594164078962869,True,0.0,20
DRIAMS-A->DRIAMS-B|Staphylococcus epidermidis|Fusidic acid,DRIAMS-A,DRIAMS-B,Staphylococcus epidermidis,Fusidic acid,-0.003184041410456,-0.0061791210004867,10.0,random,random,0.6899989886390611,0.6838198676385743,0.6899989886390611,0.6899989886390611,0.7329051557969768,0.7284025165881666,0.7329051557969768,0.7329051557969768,0.2119350194202661,0.2128548699525049,0.2119350194202661,0.2119350194202661,True,0.0,20
DRIAMS-A->DRIAMS-B|Staphylococcus epidermidis|Oxacillin,DRIAMS-A,DRIAMS-B,Staphylococcus epidermidis,Oxacillin,-0.0033214016232298,-0.0047956781255374,10.0,random,random,0.8084384624907847,0.8036427843652473,0.8084384624907847,0.8084384624907847,0.7295231837606838,0.727788951597919,0.7295231837606838,0.7295231837606838,0.2364934889949176,0.2387583799776665,0.2364934889949176,0.2364934889949176,True,0.0,20
DRIAMS-A->DRIAMS-C|Escherichia coli|Amoxicillin-Clavulanic acid,DRIAMS-A,DRIAMS-C,Escherichia coli,Amoxicillin-Clavulanic acid,0.0051938975977118,-0.0018068402842357,1.0,hybrid,random,0.3403446406436144,0.3385378003593786,0.3385378003593786,0.3403446406436144,0.575945652173913,0.574018115942029,0.574018115942029,0.575945652173913,0.2015959843369813,0.202155294367001,0.202155294367001,0.2015959843369813,False,0.0018068402842357,20
DRIAMS-A->DRIAMS-C|Escherichia coli|Cefepime,DRIAMS-A,DRIAMS-C,Escherichia coli,Cefepime,0.0032364626697984,0.0008703953505124,10.0,hybrid,hybrid,0.4336368981617194,0.434507293512232,0.434507293512232,0.434507293512232,0.671605222734255,0.671737071172555,0.671737071172555,0.671737071172555,0.1677900075727848,0.1647724200842963,0.1647724200842963,0.1647724200842963,True,0.0,20
DRIAMS-A->DRIAMS-C|Escherichia coli|Ceftazidime,DRIAMS-A,DRIAMS-C,Escherichia coli,Ceftazidime,0.0028413943026836,0.0116636326718043,10.0,hybrid,hybrid,0.3043665685462357,0.3160302012180401,0.3160302012180401,0.3160302012180401,0.6369941291585127,0.6372375022238036,0.6372375022238036,0.6372375022238036,0.138929545890439,0.1380477662932632,0.1380477662932632,0.1380477662932632,True,0.0,20
DRIAMS-A->DRIAMS-C|Escherichia coli|Ceftriaxone,DRIAMS-A,DRIAMS-C,Escherichia coli,Ceftriaxone,0.0023663044855436,0.0109172853811356,1.0,hybrid,hybrid,0.3483973062266501,0.3593145916077858,0.3593145916077858,0.3593145916077858,0.6618751933282826,0.6637944609483465,0.6637944609483465,0.6637944609483465,0.1342429970998165,0.1327871205636526,0.1327871205636526,0.1327871205636526,True,0.0,20
DRIAMS-A->DRIAMS-C|Escherichia coli|Ciprofloxacin,DRIAMS-A,DRIAMS-C,Escherichia coli,Ciprofloxacin,0.0041723360396236,0.0001148964418653,10.0,hybrid,hybrid,0.6824137353533398,0.6825286317952052,0.6825286317952052,0.6825286317952052,0.814588724677022,0.8148584615191274,0.8148584615191274,0.8148584615191274,0.11363039756696,0.1134329958220864,0.1134329958220864,0.1134329958220864,True,0.0,20
DRIAMS-A->DRIAMS-C|Escherichia coli|Cotrimoxazole,DRIAMS-A,DRIAMS-C,Escherichia coli,Cotrimoxazole,0.0041157217761945,-0.0004320398236363,10.0,hybrid,random,0.4232219465471963,0.42278990672356,0.42278990672356,0.4232219465471963,0.5928818456614509,0.5934641714082504,0.5934641714082504,0.5928818456614509,0.2339841581387176,0.2346034132401684,0.2346034132401684,0.2339841581387176,False,0.0004320398236363,20
DRIAMS-A->DRIAMS-C|Escherichia coli|Norfloxacin,DRIAMS-A,DRIAMS-C,Escherichia coli,Norfloxacin,0.0099518556168379,0.004544315835607,1.0,hybrid,hybrid,0.7039515236719883,0.7084958395075954,0.7084958395075954,0.7084958395075954,0.7861040275247926,0.7866140457397287,0.7866140457397287,0.7866140457397287,0.1507440925025993,0.1480637585799108,0.1480637585799108,0.1480637585799108,True,0.0,20
DRIAMS-A->DRIAMS-C|Klebsiella pneumoniae|Cotrimoxazole,DRIAMS-A,DRIAMS-C,Klebsiella pneumoniae,Cotrimoxazole,0.0043110974523808,0.0104808711979213,1.0,hybrid,hybrid,0.3090656710663437,0.3195465422642652,0.3195465422642652,0.3195465422642652,0.6045279526101445,0.610925583117364,0.610925583117364,0.610925583117364,0.1790254262700463,0.177954388162086,0.177954388162086,0.177954388162086,True,0.0,20
DRIAMS-A->DRIAMS-C|Proteus mirabilis|Cotrimoxazole,DRIAMS-A,DRIAMS-C,Proteus mirabilis,Cotrimoxazole,0.0044323190655416,-0.0009487299359429,1.0,hybrid,random,0.4340502572297253,0.4331015272937823,0.4331015272937823,0.4340502572297253,0.5476357142857143,0.5405571428571428,0.5405571428571428,0.5476357142857143,0.3260212194267127,0.3263924097663355,0.3263924097663355,0.3260212194267127,False,0.000948729935943,20
DRIAMS-A->DRIAMS-C|Staphylococcus aureus|Clindamycin,DRIAMS-A,DRIAMS-C,Staphylococcus aureus,Clindamycin,0.0013800268753242,0.009977915675868,1.0,hybrid,hybrid,0.2034089712674728,0.2133868869433408,0.2133868869433408,0.2133868869433408,0.5860627577550654,0.5987731307154384,0.5987731307154384,0.5987731307154384,0.117929502389276,0.1174449875133199,0.1174449875133199,0.1174449875133199,True,0.0,20
DRIAMS-A->DRIAMS-C|Staphylococcus aureus|Penicillin,DRIAMS-A,DRIAMS-C,Staphylococcus aureus,Penicillin,0.0024356916085994,0.0013080777207229,10.0,hybrid,hybrid,0.8908002092338115,0.8921082869545346,0.8921082869545346,0.8921082869545346,0.7291531175050672,0.7290673032947332,0.7290673032947332,0.7290673032947332,0.1982448479165062,0.1981435512318167,0.1981435512318167,0.1981435512318167,True,0.0,20
DRIAMS-B->DRIAMS-C|Staphylococcus aureus|Clindamycin,DRIAMS-B,DRIAMS-C,Staphylococcus aureus,Clindamycin,-0.0226410018737949,-0.0003546477656377,0.01,random,random,0.1462534329768609,0.1458987852112231,0.1462534329768609,0.1462534329768609,0.5132190245651784,0.5235588578088578,0.5132190245651784,0.5132190245651784,0.1212503115725463,0.121441319214221,0.1212503115725463,0.1212503115725463,True,0.0,20
DRIAMS-A->DRIAMS-B|Escherichia coli|Amoxicillin-Clavulanic acid,DRIAMS-A,DRIAMS-B,Escherichia coli,Amoxicillin-Clavulanic acid,-0.0005569281139575,0.0074040083680383,10.0,random,hybrid,0.5301756555410069,0.5375796639090452,0.5301756555410069,0.5375796639090452,0.638266253869969,0.6470975232198143,0.638266253869969,0.6470975232198143,0.2598423379206136,0.2543247428599262,0.2598423379206136,0.2543247428599262,False,0.0074040083680383,30
DRIAMS-A->DRIAMS-B|Staphylococcus epidermidis|Amoxicillin-Clavulanic acid,DRIAMS-A,DRIAMS-B,Staphylococcus epidermidis,Amoxicillin-Clavulanic acid,-0.0042477103330649,-0.0092587934710254,10.0,random,random,0.8141081936458637,0.8048494001748384,0.8141081936458637,0.8141081936458637,0.733067100984764,0.7293833937198068,0.733067100984764,0.733067100984764,0.2408844677801166,0.2387164123284048,0.2408844677801166,0.2408844677801166,True,0.0,30
DRIAMS-A->DRIAMS-B|Staphylococcus epidermidis|Cefepime,DRIAMS-A,DRIAMS-B,Staphylococcus epidermidis,Cefepime,-0.0040367701805837,-0.0104097383480851,10.0,random,random,0.8144815634014642,0.804071825053379,0.8144815634014642,0.8144815634014642,0.7342940263842438,0.7267505667038275,0.7342940263842438,0.7342940263842438,0.237646905301934,0.2424980018983776,0.237646905301934,0.237646905301934,True,0.0,30
DRIAMS-A->DRIAMS-B|Staphylococcus epidermidis|Ciprofloxacin,DRIAMS-A,DRIAMS-B,Staphylococcus epidermidis,Ciprofloxacin,-0.0056085138140654,0.0035453070928681,10.0,random,hybrid,0.9207034138628456,0.9242487209557138,0.9207034138628456,0.9242487209557138,0.9205403579871664,0.92322863897332,0.9205403579871664,0.92322863897332,0.1070222178677532,0.0963824485397808,0.1070222178677532,0.0963824485397808,False,0.003545307092868,30
DRIAMS-A->DRIAMS-B|Staphylococcus epidermidis|Clindamycin,DRIAMS-A,DRIAMS-B,Staphylococcus epidermidis,Clindamycin,-0.0048968770102239,-0.0056942480579651,10.0,random,random,0.6359754431274061,0.6302811950694409,0.6359754431274061,0.6359754431274061,0.6881548596079845,0.690460898669232,0.6881548596079845,0.6881548596079845,0.2277149213204346,0.2233005489919577,0.2277149213204346,0.2277149213204346,True,0.0,30
DRIAMS-A->DRIAMS-B|Staphylococcus epidermidis|Erythromycin,DRIAMS-A,DRIAMS-B,Staphylococcus epidermidis,Erythromycin,-0.0045107327155968,-0.006532636218192,10.0,random,random,0.5666569123463675,0.5601242761281754,0.5666569123463675,0.5666569123463675,0.6392707468580653,0.6368913174026674,0.6392707468580653,0.6392707468580653,0.2532411590294696,0.2532149131758798,0.2532411590294696,0.2532411590294696,True,0.0,30
DRIAMS-A->DRIAMS-B|Staphylococcus epidermidis|Fusidic acid,DRIAMS-A,DRIAMS-B,Staphylococcus epidermidis,Fusidic acid,-0.0031319335518891,-0.0154085512845679,10.0,random,random,0.6986226375488299,0.6832140862642619,0.6986226375488299,0.6986226375488299,0.743481129026713,0.7354718236096309,0.743481129026713,0.743481129026713,0.2069063451959053,0.2100733512034378,0.2069063451959053,0.2069063451959053,True,0.0,30
DRIAMS-A->DRIAMS-B|Staphylococcus epidermidis|Oxacillin,DRIAMS-A,DRIAMS-B,Staphylococcus epidermidis,Oxacillin,-0.0043560006320062,-0.0060313880561688,10.0,random,random,0.8090986841374895,0.8030672960813208,0.8090986841374895,0.8090986841374895,0.7290478702155333,0.7294332334633965,0.7290478702155333,0.7290478702155333,0.2385556121835533,0.2352886072580996,0.2385556121835533,0.2385556121835533,True,0.0,30
DRIAMS-A->DRIAMS-C|Escherichia coli|Amoxicillin-Clavulanic acid,DRIAMS-A,DRIAMS-C,Escherichia coli,Amoxicillin-Clavulanic acid,0.0054830598872532,0.0040179269465022,10.0,hybrid,hybrid,0.3363834291849176,0.3404013561314199,0.3404013561314199,0.3404013561314199,0.5728633540372671,0.5775548654244307,0.5775548654244307,0.5775548654244307,0.2022501322872701,0.2017154689183042,0.2017154689183042,0.2017154689183042,True,0.0,30
DRIAMS-A->DRIAMS-C|Escherichia coli|Cefepime,DRIAMS-A,DRIAMS-C,Escherichia coli,Cefepime,0.0053163850212145,0.0093585997768398,10.0,hybrid,hybrid,0.4313144543971996,0.4406730541740395,0.4406730541740395,0.4406730541740395,0.674436763952893,0.6755133128520225,0.6755133128520225,0.6755133128520225,0.1686338224772494,0.1638415884364845,0.1638415884364845,0.1638415884364845,True,0.0,30
DRIAMS-A->DRIAMS-C|Escherichia coli|Ceftazidime,DRIAMS-A,DRIAMS-C,Escherichia coli,Ceftazidime,0.0064788498387284,0.0050860773251071,10.0,hybrid,hybrid,0.3082366322087195,0.3133227095338267,0.3133227095338267,0.3133227095338267,0.6395217932752179,0.639254225226828,0.639254225226828,0.639254225226828,0.1388137976891839,0.1378586835264494,0.1378586835264494,0.1378586835264494,True,0.0,30
DRIAMS-A->DRIAMS-C|Escherichia coli|Ceftriaxone,DRIAMS-A,DRIAMS-C,Escherichia coli,Ceftriaxone,0.0055964754645091,0.0046752634902445,10.0,hybrid,hybrid,0.3537504433484869,0.3584257068387314,0.3584257068387314,0.3584257068387314,0.6628119648772663,0.6669443282176434,0.6669443282176434,0.6669443282176434,0.1337862370634768,0.1329580456071934,0.1329580456071934,0.1329580456071934,True,0.0,30
DRIAMS-A->DRIAMS-C|Escherichia coli|Ciprofloxacin,DRIAMS-A,DRIAMS-C,Escherichia coli,Ciprofloxacin,0.0060769292721497,0.0052655916477359,10.0,hybrid,hybrid,0.6811726998274001,0.6864382914751361,0.6864382914751361,0.6864382914751361,0.813869369878852,0.8175125735183231,0.8175125735183231,0.8175125735183231,0.1138755849765278,0.1123930631831787,0.1123930631831787,0.1123930631831787,True,0.0,30
DRIAMS-A->DRIAMS-C|Escherichia coli|Cotrimoxazole,DRIAMS-A,DRIAMS-C,Escherichia coli,Cotrimoxazole,0.0064944571090754,0.0016620069267076,10.0,hybrid,hybrid,0.4244967742343191,0.4261587811610268,0.4261587811610268,0.4261587811610268,0.5957267958748222,0.5959832859174964,0.5959832859174964,0.5959832859174964,0.2334098956491345,0.2339970515594822,0.2339970515594822,0.2339970515594822,True,0.0,30
DRIAMS-A->DRIAMS-C|Escherichia coli|Norfloxacin,DRIAMS-A,DRIAMS-C,Escherichia coli,Norfloxacin,0.0152848679911437,0.0038629337599695,1.0,hybrid,hybrid,0.7028507240792997,0.7067136578392693,0.7067136578392693,0.7067136578392693,0.7832422586520947,0.7858672333535722,0.7858672333535722,0.7858672333535722,0.1510229913047607,0.1490150673049281,0.1490150673049281,0.1490150673049281,True,0.0,30
DRIAMS-A->DRIAMS-C|Klebsiella pneumoniae|Cotrimoxazole,DRIAMS-A,DRIAMS-C,Klebsiella pneumoniae,Cotrimoxazole,0.0037928556239747,0.0210573416241665,0.01,hybrid,hybrid,0.3133469823975826,0.3344043240217491,0.3344043240217491,0.3344043240217491,0.6036467974824139,0.6227027027027028,0.6227027027027028,0.6227027027027028,0.17860188765838,0.1771333295139773,0.1771333295139773,0.1771333295139773,True,0.0,30
DRIAMS-A->DRIAMS-C|Proteus mirabilis|Cotrimoxazole,DRIAMS-A,DRIAMS-C,Proteus mirabilis,Cotrimoxazole,0.0134439264629374,0.0053135485393879,10.0,hybrid,hybrid,0.442703884314312,0.4480174328536999,0.4480174328536999,0.4480174328536999,0.5507785714285715,0.54765,0.54765,0.54765,0.3222259842055709,0.3216853901400847,0.3216853901400847,0.3216853901400847,True,0.0,30
DRIAMS-A->DRIAMS-C|Staphylococcus aureus|Clindamycin,DRIAMS-A,DRIAMS-C,Staphylococcus aureus,Clindamycin,0.0044655165763922,0.0114500999881492,10.0,hybrid,hybrid,0.209915302343827,0.2213654023319763,0.2213654023319763,0.2213654023319763,0.5902620136273983,0.6056891698045545,0.6056891698045545,0.6056891698045545,0.1174039894897515,0.1172178791646771,0.1172178791646771,0.1172178791646771,True,0.0,30
DRIAMS-A->DRIAMS-C|Staphylococcus aureus|Penicillin,DRIAMS-A,DRIAMS-C,Staphylococcus aureus,Penicillin,0.0056121618957294,0.0013175127883671,10.0,hybrid,hybrid,0.8914536479570286,0.8927711607453958,0.8927711607453958,0.8927711607453958,0.7288047101071976,0.7308387938309182,0.7308387938309182,0.7308387938309182,0.1967711122290095,0.1969471122457259,0.1969471122457259,0.1969471122457259,True,0.0,30
DRIAMS-B->DRIAMS-C|Staphylococcus aureus|Clindamycin,DRIAMS-B,DRIAMS-C,Staphylococcus aureus,Clindamycin,-0.0052869224772203,0.0050219390578648,1.0,random,hybrid,0.1479396340980184,0.1529615731558833,0.1479396340980184,0.1529615731558833,0.5230134929173391,0.5370290030482338,0.5230134929173391,0.5370290030482338,0.1214283088729191,0.1213682461601725,0.1214283088729191,0.1213682461601725,False,0.0050219390578648,30
DRIAMS-A->DRIAMS-B|Escherichia coli|Amoxicillin-Clavulanic acid,DRIAMS-A,DRIAMS-B,Escherichia coli,Amoxicillin-Clavulanic acid,0.0001537324608144,0.006945557230389,10.0,hybrid,hybrid,0.5243169959327545,0.5312625531631434,0.5312625531631434,0.5312625531631434,0.6337383900928792,0.6366099071207431,0.6366099071207431,0.6366099071207431,0.2554096097518492,0.2468392803333239,0.2468392803333239,0.2468392803333239,True,0.0,50
DRIAMS-A->DRIAMS-B|Staphylococcus epidermidis|Amoxicillin-Clavulanic acid,DRIAMS-A,DRIAMS-B,Staphylococcus epidermidis,Amoxicillin-Clavulanic acid,-0.0070338929661484,-0.0050686985786888,1.0,random,random,0.8223826741326077,0.8173139755539188,0.8223826741326077,0.8223826741326077,0.7453692632850242,0.7428226704756596,0.7453692632850242,0.7453692632850242,0.2308556255243152,0.2294453949281209,0.2308556255243152,0.2308556255243152,True,0.0,50
DRIAMS-A->DRIAMS-B|Staphylococcus epidermidis|Cefepime,DRIAMS-A,DRIAMS-B,Staphylococcus epidermidis,Cefepime,-0.0066496371441092,-0.0031515107964697,1.0,random,random,0.8173271707840132,0.8141756599875434,0.8173271707840132,0.8173271707840132,0.7410403497770346,0.7416792084726868,0.7410403497770346,0.7410403497770346,0.2320101829794297,0.2296462671933941,0.2320101829794297,0.2320101829794297,True,0.0,50
DRIAMS-A->DRIAMS-B|Staphylococcus epidermidis|Ciprofloxacin,DRIAMS-A,DRIAMS-B,Staphylococcus epidermidis,Ciprofloxacin,-0.0078775564736892,0.0024395372024628,1.0,random,hybrid,0.9214243650982448,0.9238639023007076,0.9214243650982448,0.9238639023007076,0.92306653157717,0.9257480580884836,0.92306653157717,0.9257480580884836,0.1025352552477011,0.0956818100077581,0.1025352552477011,0.0956818100077581,False,0.0024395372024628,50
DRIAMS-A->DRIAMS-B|Staphylococcus epidermidis|Clindamycin,DRIAMS-A,DRIAMS-B,Staphylococcus epidermidis,Clindamycin,-0.0069213638990202,-0.0099197169775247,1.0,random,random,0.6527003082626652,0.6427805912851404,0.6527003082626652,0.6527003082626652,0.7038559879549463,0.6976042343073593,0.7038559879549463,0.7038559879549463,0.2180560591044912,0.2188899470237959,0.2180560591044912,0.2180560591044912,True,0.0,50
DRIAMS-A->DRIAMS-B|Staphylococcus epidermidis|Erythromycin,DRIAMS-A,DRIAMS-B,Staphylococcus epidermidis,Erythromycin,-0.004319041283133,-0.0210053577071537,1.0,random,random,0.586289330008988,0.5652839723018341,0.586289330008988,0.586289330008988,0.6573697682462816,0.6415073816249663,0.6573697682462816,0.6573697682462816,0.2414607091682317,0.2492925066363913,0.2414607091682317,0.2414607091682317,True,0.0,50
DRIAMS-A->DRIAMS-B|Staphylococcus epidermidis|Fusidic acid,DRIAMS-A,DRIAMS-B,Staphylococcus epidermidis,Fusidic acid,-0.006283523477442,-0.01053216039565,1.0,random,random,0.7103991520018385,0.6998669916061883,0.7103991520018385,0.7103991520018385,0.7485895233838714,0.7450309943732023,0.7485895233838714,0.7485895233838714,0.2047838695458582,0.2055124520349606,0.2047838695458582,0.2047838695458582,True,0.0,50
DRIAMS-A->DRIAMS-B|Staphylococcus epidermidis|Oxacillin,DRIAMS-A,DRIAMS-B,Staphylococcus epidermidis,Oxacillin,-0.0069610391749536,-0.005545494605923,1.0,random,random,0.8194686485177125,0.8139231539117894,0.8194686485177125,0.8194686485177125,0.7401937732255667,0.7421067052211074,0.7401937732255667,0.7401937732255667,0.2299675006925033,0.226901342263258,0.2299675006925033,0.2299675006925033,True,0.0,50
DRIAMS-A->DRIAMS-C|Escherichia coli|Amoxicillin-Clavulanic acid,DRIAMS-A,DRIAMS-C,Escherichia coli,Amoxicillin-Clavulanic acid,0.0063082242131509,-0.0053586326481626,10.0,hybrid,random,0.3401563687153393,0.3347977360671765,0.3347977360671765,0.3401563687153393,0.573518115942029,0.5708167701863354,0.5708167701863354,0.573518115942029,0.2016885709743313,0.2031044250312071,0.2031044250312071,0.2016885709743313,False,0.0053586326481627,50
DRIAMS-A->DRIAMS-C|Escherichia coli|Cefepime,DRIAMS-A,DRIAMS-C,Escherichia coli,Cefepime,0.0066251223466589,0.0085982721572287,1.0,hybrid,hybrid,0.4377737978808977,0.4463720700381264,0.4463720700381264,0.4463720700381264,0.6753801843317973,0.6809267793138761,0.6809267793138761,0.6809267793138761,0.1668868842565263,0.1625405478889561,0.1625405478889561,0.1625405478889561,True,0.0,50
DRIAMS-A->DRIAMS-C|Escherichia coli|Ceftazidime,DRIAMS-A,DRIAMS-C,Escherichia coli,Ceftazidime,0.0065706325485197,0.0055683026153356,1.0,hybrid,hybrid,0.3148273439315777,0.3203956465469134,0.3203956465469134,0.3203956465469134,0.6441245330012454,0.645438178260096,0.645438178260096,0.645438178260096,0.1385210100472726,0.1378980579247728,0.1378980579247728,0.1378980579247728,True,0.0,50
DRIAMS-A->DRIAMS-C|Escherichia coli|Ceftriaxone,DRIAMS-A,DRIAMS-C,Escherichia coli,Ceftriaxone,0.001042218729913,0.0108588344293019,1.0,hybrid,hybrid,0.3506620306592102,0.3615208650885122,0.3615208650885122,0.3615208650885122,0.6635635696968695,0.6669727307174749,0.6669727307174749,0.6669727307174749,0.1341135105715147,0.1329819387735169,0.1329819387735169,0.1329819387735169,True,0.0,50
DRIAMS-A->DRIAMS-C|Escherichia coli|Ciprofloxacin,DRIAMS-A,DRIAMS-C,Escherichia coli,Ciprofloxacin,0.004604448965745,0.0032580475311509,1.0,hybrid,hybrid,0.6819637380338971,0.685221785565048,0.685221785565048,0.685221785565048,0.81521541497009,0.8164266701854923,0.8164266701854923,0.8164266701854923,0.1135351882660657,0.1125135149059401,0.1125135149059401,0.1125135149059401,True,0.0,50
DRIAMS-A->DRIAMS-C|Escherichia coli|Cotrimoxazole,DRIAMS-A,DRIAMS-C,Escherichia coli,Cotrimoxazole,0.0068883455499071,-0.0032190175680784,10.0,hybrid,random,0.4319538348302839,0.4287348172622054,0.4287348172622054,0.4319538348302839,0.6053729551920342,0.5998390825035562,0.5998390825035562,0.6053729551920342,0.2311068083181279,0.2333819139509423,0.2333819139509423,0.2311068083181279,False,0.0032190175680784,50
DRIAMS-A->DRIAMS-C|Escherichia coli|Norfloxacin,DRIAMS-A,DRIAMS-C,Escherichia coli,Norfloxacin,0.0145525945954484,0.0060282368740658,0.1,hybrid,hybrid,0.7027818636940046,0.7088101005680705,0.7088101005680705,0.7088101005680705,0.7844039668083385,0.7915927949807731,0.7915927949807731,0.7915927949807731,0.1524253572075528,0.1513152297893246,0.1513152297893246,0.1513152297893246,True,0.0,50
DRIAMS-A->DRIAMS-C|Klebsiella pneumoniae|Cotrimoxazole,DRIAMS-A,DRIAMS-C,Klebsiella pneumoniae,Cotrimoxazole,0.0065556649027781,0.0158871516302695,0.1,hybrid,hybrid,0.3383878100501135,0.354274961680383,0.354274961680383,0.354274961680383,0.6253720844131803,0.6397149203998519,0.6397149203998519,0.6397149203998519,0.1776572975144802,0.1766665289318825,0.1766665289318825,0.1766665289318825,True,0.0,50
DRIAMS-A->DRIAMS-C|Proteus mirabilis|Cotrimoxazole,DRIAMS-A,DRIAMS-C,Proteus mirabilis,Cotrimoxazole,0.0210795906644741,0.0133422796100648,1.0,hybrid,hybrid,0.4468768684674186,0.4602191480774834,0.4602191480774834,0.4602191480774834,0.5568214285714286,0.55765,0.55765,0.55765,0.3182023956641056,0.3160277333295037,0.3160277333295037,0.3160277333295037,True,0.0,50
DRIAMS-A->DRIAMS-C|Staphylococcus aureus|Clindamycin,DRIAMS-A,DRIAMS-C,Staphylococcus aureus,Clindamycin,0.0059516148401533,0.0224703460567401,1.0,hybrid,hybrid,0.2134203775953664,0.2358907236521065,0.2358907236521065,0.2358907236521065,0.5932507620584544,0.6144839967724584,0.6144839967724584,0.6144839967724584,0.1173652115274153,0.1164337385834407,0.1164337385834407,0.1164337385834407,True,0.0,50
DRIAMS-A->DRIAMS-C|Staphylococcus aureus|Penicillin,DRIAMS-A,DRIAMS-C,Staphylococcus aureus,Penicillin,0.0095379818075732,6.937587767153586e-05,1.0,hybrid,hybrid,0.8922245523442133,0.8922939282218847,0.8922939282218847,0.8922939282218847,0.7291811849950537,0.7301404380078026,0.7301404380078026,0.7301404380078026,0.1972440107422115,0.1939029847269254,0.1939029847269254,0.1939029847269254,True,0.0,50
DRIAMS-B->DRIAMS-C|Staphylococcus aureus|Clindamycin,DRIAMS-B,DRIAMS-C,Staphylococcus aureus,Clindamycin,-0.0032125864036649,0.0083091135678054,0.1,random,hybrid,0.1483483033465326,0.156657416914338,0.1483483033465326,0.156657416914338,0.5168916980455441,0.5334908104715798,0.5168916980455441,0.5334908104715798,0.1213389732013327,0.1214500447721264,0.1213389732013327,0.1214500447721264,False,0.0083091135678054,50
