budget_n,cluster_id,transfer_id,source,target,species,drug,predicted_delta_prauc_hybrid_random,observed_delta_prauc_hybrid_random,selected_alpha,policy_choice,oracle_choice,prauc_random,prauc_hybrid,prauc_policy,prauc_oracle,policy_correct_direction,regret_prauc,domain_auc_svd,centroid_distance_svd,covariance_distance_svd,source_to_target_nn_distance,source_internal_diversity
20,DRIAMS-A->DRIAMS-B|Escherichia coli,DRIAMS-A->DRIAMS-B|Escherichia coli|Amoxicillin-Clavulanic acid,DRIAMS-A,DRIAMS-B,Escherichia coli,Amoxicillin-Clavulanic acid,0.0020515484776062,-0.0072652944238296,100.0,hybrid,random,0.5217780138554258,0.514512719431596,0.514512719431596,0.5217780138554258,False,0.0072652944238297,0.9942292239415216,0.8213404417037964,0.7121804839896885,12.199859769671376,8.379811144072734
20,DRIAMS-A->DRIAMS-B|Staphylococcus epidermidis,DRIAMS-A->DRIAMS-B|Staphylococcus epidermidis|Amoxicillin-Clavulanic acid,DRIAMS-A,DRIAMS-B,Staphylococcus epidermidis,Amoxicillin-Clavulanic acid,3.798804682340461e-05,-0.0068875210243776,100.0,hybrid,random,0.8086231366051411,0.8017356155807634,0.8017356155807634,0.8086231366051411,False,0.0068875210243776,0.9994880764472504,0.9185713529586792,0.7998564673671007,13.192700684478954,8.246063873002587
20,DRIAMS-A->DRIAMS-B|Staphylococcus epidermidis,DRIAMS-A->DRIAMS-B|Staphylococcus epidermidis|Cefepime,DRIAMS-A,DRIAMS-B,Staphylococcus epidermidis,Cefepime,-6.330849200888999e-06,-0.0054611231979123,100.0,random,random,0.8063753058239068,0.8009141826259945,0.8063753058239068,0.8063753058239068,True,0.0,0.9992330012161036,0.9226214289665222,0.8059718127041214,13.249262015580628,8.242995247984123
20,DRIAMS-A->DRIAMS-B|Staphylococcus epidermidis,DRIAMS-A->DRIAMS-B|Staphylococcus epidermidis|Ciprofloxacin,DRIAMS-A,DRIAMS-B,Staphylococcus epidermidis,Ciprofloxacin,0.0001872279249855,0.0029724364314139,100.0,hybrid,hybrid,0.9195687269094992,0.9225411633409134,0.9225411633409134,0.9225411633409134,True,0.0,0.999393809866133,0.9011023640632628,0.7968549406103177,13.086288299293544,8.171675860109836
20,DRIAMS-A->DRIAMS-B|Staphylococcus epidermidis,DRIAMS-A->DRIAMS-B|Staphylococcus epidermidis|Clindamycin,DRIAMS-A,DRIAMS-B,Staphylococcus epidermidis,Clindamycin,1.070606567928718e-05,-0.008814432305745,100.0,hybrid,random,0.630054685366843,0.6212402530610979,0.6212402530610979,0.630054685366843,False,0.008814432305745,0.9995516150692678,0.9042452573776244,0.7971723828110981,13.281214346275984,8.251635692115048
20,DRIAMS-A->DRIAMS-B|Staphylococcus epidermidis,DRIAMS-A->DRIAMS-B|Staphylococcus epidermidis|Erythromycin,DRIAMS-A,DRIAMS-B,Staphylococcus epidermidis,Erythromycin,8.633932137280418e-05,-0.0024815544166876,100.0,hybrid,random,0.5570138871646919,0.5545323327480043,0.5545323327480043,0.5570138871646919,False,0.0024815544166876,0.9993873836028844,0.8977175951004028,0.8084371524301323,13.253133959254155,8.245121218407762
20,DRIAMS-A->DRIAMS-B|Staphylococcus epidermidis,DRIAMS-A->DRIAMS-B|Staphylococcus epidermidis|Fusidic acid,DRIAMS-A,DRIAMS-B,Staphylococcus epidermidis,Fusidic acid,0.0001735143331499,-0.0061791210004867,100.0,hybrid,random,0.6899989886390611,0.6838198676385743,0.6838198676385743,0.6899989886390611,False,0.0061791210004867,0.9994082378883687,0.893692672252655,0.7946105959498119,13.130813639479332,8.16495491566287
20,DRIAMS-A->DRIAMS-B|Staphylococcus epidermidis,DRIAMS-A->DRIAMS-B|Staphylococcus epidermidis|Oxacillin,DRIAMS-A,DRIAMS-B,Staphylococcus epidermidis,Oxacillin,0.0002017256632191,-0.0047956781255374,100.0,hybrid,random,0.8084384624907847,0.8036427843652473,0.8036427843652473,0.8084384624907847,False,0.0047956781255373,0.9994717760798378,0.8974229097366333,0.796219232488808,13.085826600466952,8.165518407337048
20,DRIAMS-A->DRIAMS-C|Escherichia coli,DRIAMS-A->DRIAMS-C|Escherichia coli|Amoxicillin-Clavulanic acid,DRIAMS-A,DRIAMS-C,Escherichia coli,Amoxicillin-Clavulanic acid,0.0093365516224573,-0.0018068402842357,1.0,hybrid,random,0.3403446406436144,0.3385378003593786,0.3385378003593786,0.3403446406436144,False,0.0018068402842357,0.9942364575474862,0.4535341262817383,0.6427631261622219,10.64051394575224,8.379811144072734
20,DRIAMS-A->DRIAMS-C|Escherichia coli,DRIAMS-A->DRIAMS-C|Escherichia coli|Cefepime,DRIAMS-A,DRIAMS-C,Escherichia coli,Cefepime,0.0062726928040311,0.0008703953505124,1.0,hybrid,hybrid,0.4336368981617194,0.434507293512232,0.434507293512232,0.434507293512232,True,0.0,0.9921129807534242,0.510299563407898,0.6352050586154934,10.800730241159233,8.362169704076459
20,DRIAMS-A->DRIAMS-C|Escherichia coli,DRIAMS-A->DRIAMS-C|Escherichia coli|Ceftazidime,DRIAMS-A,DRIAMS-C,Escherichia coli,Ceftazidime,0.0092946853084452,0.0116636326718043,1.0,hybrid,hybrid,0.3043665685462357,0.3160302012180401,0.3160302012180401,0.3160302012180401,True,0.0,0.992367858607974,0.4452377259731293,0.6480576985783254,10.65829632380156,8.374368254993032
20,DRIAMS-A->DRIAMS-C|Escherichia coli,DRIAMS-A->DRIAMS-C|Escherichia coli|Ceftriaxone,DRIAMS-A,DRIAMS-C,Escherichia coli,Ceftriaxone,0.0095599105822065,0.0109172853811356,1.0,hybrid,hybrid,0.3483973062266501,0.3593145916077858,0.3593145916077858,0.3593145916077858,True,0.0,0.9939924423604553,0.4444908499717712,0.6428219507555718,10.641363873344304,8.363616211754112
20,DRIAMS-A->DRIAMS-C|Escherichia coli,DRIAMS-A->DRIAMS-C|Escherichia coli|Ciprofloxacin,DRIAMS-A,DRIAMS-C,Escherichia coli,Ciprofloxacin,0.0095012378412492,0.0001148964418653,1.0,hybrid,hybrid,0.6824137353533398,0.6825286317952052,0.6825286317952052,0.6825286317952052,True,0.0,0.993189458525992,0.4327592849731445,0.6377758694086874,10.63365694876966,8.365212154038883
20,DRIAMS-A->DRIAMS-C|Escherichia coli,DRIAMS-A->DRIAMS-C|Escherichia coli|Cotrimoxazole,DRIAMS-A,DRIAMS-C,Escherichia coli,Cotrimoxazole,0.0092140519857053,-0.0004320398236363,1.0,hybrid,random,0.4232219465471963,0.42278990672356,0.42278990672356,0.4232219465471963,False,0.0004320398236363,0.9929772894990648,0.4493109285831451,0.6454129404702896,10.656523301617018,8.375323706943353
20,DRIAMS-A->DRIAMS-C|Escherichia coli,DRIAMS-A->DRIAMS-C|Escherichia coli|Norfloxacin,DRIAMS-A,DRIAMS-C,Escherichia coli,Norfloxacin,0.0117286627053624,0.004544315835607,1.0,hybrid,hybrid,0.7039515236719883,0.7084958395075954,0.7084958395075954,0.7084958395075954,True,0.0,0.9940661314431748,0.535570502281189,0.8564721015107754,11.395111713422242,9.367816715631434
20,DRIAMS-A->DRIAMS-C|Klebsiella pneumoniae,DRIAMS-A->DRIAMS-C|Klebsiella pneumoniae|Cotrimoxazole,DRIAMS-A,DRIAMS-C,Klebsiella pneumoniae,Cotrimoxazole,-0.0004790810790665,0.0104808711979213,100.0,random,hybrid,0.3090656710663437,0.3195465422642652,0.3090656710663437,0.3195465422642652,False,0.0104808711979214,0.9926792422484404,0.5369187593460083,0.7660956986186117,11.283856003002096,8.537282455761114
20,DRIAMS-A->DRIAMS-C|Proteus mirabilis,DRIAMS-A->DRIAMS-C|Proteus mirabilis|Cotrimoxazole,DRIAMS-A,DRIAMS-C,Proteus mirabilis,Cotrimoxazole,0.0034057032774525,-0.0009487299359429,100.0,hybrid,random,0.4340502572297253,0.4331015272937823,0.4331015272937823,0.4340502572297253,False,0.000948729935943,0.9853551912568306,0.3598484098911285,0.5053771404032915,11.119237328878516,9.592021888201351
20,DRIAMS-A->DRIAMS-C|Staphylococcus aureus,DRIAMS-A->DRIAMS-C|Staphylococcus aureus|Clindamycin,DRIAMS-A,DRIAMS-C,Staphylococcus aureus,Clindamycin,0.0014666270242412,0.009977915675868,1.0,hybrid,hybrid,0.2034089712674728,0.2133868869433408,0.2133868869433408,0.2133868869433408,True,0.0,0.9915280418506224,0.5557421445846558,0.6546996317663976,11.238172866781277,8.49693292089609
20,DRIAMS-A->DRIAMS-C|Staphylococcus aureus,DRIAMS-A->DRIAMS-C|Staphylococcus aureus|Penicillin,DRIAMS-A,DRIAMS-C,Staphylococcus aureus,Penicillin,0.0019055941010084,0.0013080777207229,1.0,hybrid,hybrid,0.8908002092338115,0.8921082869545346,0.8921082869545346,0.8921082869545346,True,0.0,0.991449647116792,0.551287829875946,0.658242171622038,11.17401468487414,8.498923017721662
20,DRIAMS-B->DRIAMS-C|Staphylococcus aureus,DRIAMS-B->DRIAMS-C|Staphylococcus aureus|Clindamycin,DRIAMS-B,DRIAMS-C,Staphylococcus aureus,Clindamycin,-0.0062953736910439,-0.0003546477656377,1.0,random,random,0.1462534329768609,0.1458987852112231,0.1462534329768609,0.1462534329768609,True,0.0,0.9922841958437064,0.5828742980957031,0.7033335002769913,11.805748193017369,10.475410621878744
30,DRIAMS-A->DRIAMS-B|Escherichia coli,DRIAMS-A->DRIAMS-B|Escherichia coli|Amoxicillin-Clavulanic acid,DRIAMS-A,DRIAMS-B,Escherichia coli,Amoxicillin-Clavulanic acid,0.0047711059122844,0.0074040083680383,100.0,hybrid,hybrid,0.5301756555410069,0.5375796639090452,0.5375796639090452,0.5375796639090452,True,0.0,0.9942292239415216,0.8213404417037964,0.7121804839896885,12.199859769671376,8.379811144072734
30,DRIAMS-A->DRIAMS-B|Staphylococcus epidermidis,DRIAMS-A->DRIAMS-B|Staphylococcus epidermidis|Amoxicillin-Clavulanic acid,DRIAMS-A,DRIAMS-B,Staphylococcus epidermidis,Amoxicillin-Clavulanic acid,0.0095499027906752,-0.0092587934710254,100.0,hybrid,random,0.8141081936458637,0.8048494001748384,0.8048494001748384,0.8141081936458637,False,0.0092587934710253,0.9994880764472504,0.9185713529586792,0.7998564673671007,13.192700684478954,8.246063873002587
30,DRIAMS-A->DRIAMS-B|Staphylococcus epidermidis,DRIAMS-A->DRIAMS-B|Staphylococcus epidermidis|Cefepime,DRIAMS-A,DRIAMS-B,Staphylococcus epidermidis,Cefepime,0.0095638217995217,-0.0104097383480851,100.0,hybrid,random,0.8144815634014642,0.804071825053379,0.804071825053379,0.8144815634014642,False,0.0104097383480851,0.9992330012161036,0.9226214289665222,0.8059718127041214,13.249262015580628,8.242995247984123
30,DRIAMS-A->DRIAMS-B|Staphylococcus epidermidis,DRIAMS-A->DRIAMS-B|Staphylococcus epidermidis|Ciprofloxacin,DRIAMS-A,DRIAMS-B,Staphylococcus epidermidis,Ciprofloxacin,0.0095644299463115,0.0035453070928681,100.0,hybrid,hybrid,0.9207034138628456,0.9242487209557138,0.9242487209557138,0.9242487209557138,True,0.0,0.999393809866133,0.9011023640632628,0.7968549406103177,13.086288299293544,8.171675860109836
30,DRIAMS-A->DRIAMS-B|Staphylococcus epidermidis,DRIAMS-A->DRIAMS-B|Staphylococcus epidermidis|Clindamycin,DRIAMS-A,DRIAMS-B,Staphylococcus epidermidis,Clindamycin,0.0095351917575695,-0.0056942480579651,100.0,hybrid,random,0.6359754431274061,0.6302811950694409,0.6302811950694409,0.6359754431274061,False,0.0056942480579651,0.9995516150692678,0.9042452573776244,0.7971723828110981,13.281214346275984,8.251635692115048
30,DRIAMS-A->DRIAMS-B|Staphylococcus epidermidis,DRIAMS-A->DRIAMS-B|Staphylococcus epidermidis|Erythromycin,DRIAMS-A,DRIAMS-B,Staphylococcus epidermidis,Erythromycin,0.0095804366685115,-0.006532636218192,100.0,hybrid,random,0.5666569123463675,0.5601242761281754,0.5601242761281754,0.5666569123463675,False,0.0065326362181921,0.9993873836028844,0.8977175951004028,0.8084371524301323,13.253133959254155,8.245121218407762
30,DRIAMS-A->DRIAMS-B|Staphylococcus epidermidis,DRIAMS-A->DRIAMS-B|Staphylococcus epidermidis|Fusidic acid,DRIAMS-A,DRIAMS-B,Staphylococcus epidermidis,Fusidic acid,0.0095559408903101,-0.0154085512845679,100.0,hybrid,random,0.6986226375488299,0.6832140862642619,0.6832140862642619,0.6986226375488299,False,0.0154085512845679,0.9994082378883687,0.893692672252655,0.7946105959498119,13.130813639479332,8.16495491566287
30,DRIAMS-A->DRIAMS-B|Staphylococcus epidermidis,DRIAMS-A->DRIAMS-B|Staphylococcus epidermidis|Oxacillin,DRIAMS-A,DRIAMS-B,Staphylococcus epidermidis,Oxacillin,0.0095677349935489,-0.0060313880561688,100.0,hybrid,random,0.8090986841374895,0.8030672960813208,0.8030672960813208,0.8090986841374895,False,0.0060313880561687,0.9994717760798378,0.8974229097366333,0.796219232488808,13.085826600466952,8.165518407337048
30,DRIAMS-A->DRIAMS-C|Escherichia coli,DRIAMS-A->DRIAMS-C|Escherichia coli|Amoxicillin-Clavulanic acid,DRIAMS-A,DRIAMS-C,Escherichia coli,Amoxicillin-Clavulanic acid,0.0072631927982417,0.0040179269465022,100.0,hybrid,hybrid,0.3363834291849176,0.3404013561314199,0.3404013561314199,0.3404013561314199,True,0.0,0.9942364575474862,0.4535341262817383,0.6427631261622219,10.64051394575224,8.379811144072734
30,DRIAMS-A->DRIAMS-C|Escherichia coli,DRIAMS-A->DRIAMS-C|Escherichia coli|Cefepime,DRIAMS-A,DRIAMS-C,Escherichia coli,Cefepime,0.0071851889176948,0.0093585997768398,100.0,hybrid,hybrid,0.4313144543971996,0.4406730541740395,0.4406730541740395,0.4406730541740395,True,0.0,0.9921129807534242,0.510299563407898,0.6352050586154934,10.800730241159233,8.362169704076459
30,DRIAMS-A->DRIAMS-C|Escherichia coli,DRIAMS-A->DRIAMS-C|Escherichia coli|Ceftazidime,DRIAMS-A,DRIAMS-C,Escherichia coli,Ceftazidime,0.007392205195855,0.0050860773251071,100.0,hybrid,hybrid,0.3082366322087195,0.3133227095338267,0.3133227095338267,0.3133227095338267,True,0.0,0.992367858607974,0.4452377259731293,0.6480576985783254,10.65829632380156,8.374368254993032
30,DRIAMS-A->DRIAMS-C|Escherichia coli,DRIAMS-A->DRIAMS-C|Escherichia coli|Ceftriaxone,DRIAMS-A,DRIAMS-C,Escherichia coli,Ceftriaxone,0.0072980542169915,0.0046752634902445,100.0,hybrid,hybrid,0.3537504433484869,0.3584257068387314,0.3584257068387314,0.3584257068387314,True,0.0,0.9939924423604553,0.4444908499717712,0.6428219507555718,10.641363873344304,8.363616211754112
30,DRIAMS-A->DRIAMS-C|Escherichia coli,DRIAMS-A->DRIAMS-C|Escherichia coli|Ciprofloxacin,DRIAMS-A,DRIAMS-C,Escherichia coli,Ciprofloxacin,0.0073740058819232,0.0052655916477359,100.0,hybrid,hybrid,0.6811726998274001,0.6864382914751361,0.6864382914751361,0.6864382914751361,True,0.0,0.993189458525992,0.4327592849731445,0.6377758694086874,10.63365694876966,8.365212154038883
30,DRIAMS-A->DRIAMS-C|Escherichia coli,DRIAMS-A->DRIAMS-C|Escherichia coli|Cotrimoxazole,DRIAMS-A,DRIAMS-C,Escherichia coli,Cotrimoxazole,0.0073444676350443,0.0016620069267076,100.0,hybrid,hybrid,0.4244967742343191,0.4261587811610268,0.4261587811610268,0.4261587811610268,True,0.0,0.9929772894990648,0.4493109285831451,0.6454129404702896,10.656523301617018,8.375323706943353
30,DRIAMS-A->DRIAMS-C|Escherichia coli,DRIAMS-A->DRIAMS-C|Escherichia coli|Norfloxacin,DRIAMS-A,DRIAMS-C,Escherichia coli,Norfloxacin,0.0067479590413544,0.0038629337599695,100.0,hybrid,hybrid,0.7028507240792997,0.7067136578392693,0.7067136578392693,0.7067136578392693,True,0.0,0.9940661314431748,0.535570502281189,0.8564721015107754,11.395111713422242,9.367816715631434
30,DRIAMS-A->DRIAMS-C|Klebsiella pneumoniae,DRIAMS-A->DRIAMS-C|Klebsiella pneumoniae|Cotrimoxazole,DRIAMS-A,DRIAMS-C,Klebsiella pneumoniae,Cotrimoxazole,0.0034394345748281,0.0210573416241665,100.0,hybrid,hybrid,0.3133469823975826,0.3344043240217491,0.3344043240217491,0.3344043240217491,True,0.0,0.9926792422484404,0.5369187593460083,0.7660956986186117,11.283856003002096,8.537282455761114
30,DRIAMS-A->DRIAMS-C|Proteus mirabilis,DRIAMS-A->DRIAMS-C|Proteus mirabilis|Cotrimoxazole,DRIAMS-A,DRIAMS-C,Proteus mirabilis,Cotrimoxazole,0.0091889017750666,0.0053135485393879,100.0,hybrid,hybrid,0.442703884314312,0.4480174328536999,0.4480174328536999,0.4480174328536999,True,0.0,0.9853551912568306,0.3598484098911285,0.5053771404032915,11.119237328878516,9.592021888201351
30,DRIAMS-A->DRIAMS-C|Staphylococcus aureus,DRIAMS-A->DRIAMS-C|Staphylococcus aureus|Clindamycin,DRIAMS-A,DRIAMS-C,Staphylococcus aureus,Clindamycin,0.006586699115381,0.0114500999881492,100.0,hybrid,hybrid,0.209915302343827,0.2213654023319763,0.2213654023319763,0.2213654023319763,True,0.0,0.9915280418506224,0.5557421445846558,0.6546996317663976,11.238172866781277,8.49693292089609
30,DRIAMS-A->DRIAMS-C|Staphylococcus aureus,DRIAMS-A->DRIAMS-C|Staphylococcus aureus|Penicillin,DRIAMS-A,DRIAMS-C,Staphylococcus aureus,Penicillin,0.0066384984949475,0.0013175127883671,100.0,hybrid,hybrid,0.8914536479570286,0.8927711607453958,0.8927711607453958,0.8927711607453958,True,0.0,0.991449647116792,0.551287829875946,0.658242171622038,11.17401468487414,8.498923017721662
30,DRIAMS-B->DRIAMS-C|Staphylococcus aureus,DRIAMS-B->DRIAMS-C|Staphylococcus aureus|Clindamycin,DRIAMS-B,DRIAMS-C,Staphylococcus aureus,Clindamycin,0.0066210824965235,0.0050219390578648,100.0,hybrid,hybrid,0.1479396340980184,0.1529615731558833,0.1529615731558833,0.1529615731558833,True,0.0,0.9922841958437064,0.5828742980957031,0.7033335002769913,11.805748193017369,10.475410621878744
50,DRIAMS-A->DRIAMS-B|Escherichia coli,DRIAMS-A->DRIAMS-B|Escherichia coli|Amoxicillin-Clavulanic acid,DRIAMS-A,DRIAMS-B,Escherichia coli,Amoxicillin-Clavulanic acid,0.0055861418247201,0.006945557230389,100.0,hybrid,hybrid,0.5243169959327545,0.5312625531631434,0.5312625531631434,0.5312625531631434,True,0.0,0.9942292239415216,0.8213404417037964,0.7121804839896885,12.199859769671376,8.379811144072734
50,DRIAMS-A->DRIAMS-B|Staphylococcus epidermidis,DRIAMS-A->DRIAMS-B|Staphylococcus epidermidis|Amoxicillin-Clavulanic acid,DRIAMS-A,DRIAMS-B,Staphylococcus epidermidis,Amoxicillin-Clavulanic acid,0.0085920461507249,-0.0050686985786888,100.0,hybrid,random,0.8223826741326077,0.8173139755539188,0.8173139755539188,0.8223826741326077,False,0.0050686985786888,0.9994880764472504,0.9185713529586792,0.7998564673671007,13.192700684478954,8.246063873002587
50,DRIAMS-A->DRIAMS-B|Staphylococcus epidermidis,DRIAMS-A->DRIAMS-B|Staphylococcus epidermidis|Cefepime,DRIAMS-A,DRIAMS-B,Staphylococcus epidermidis,Cefepime,0.0086201379340724,-0.0031515107964697,100.0,hybrid,random,0.8173271707840132,0.8141756599875434,0.8141756599875434,0.8173271707840132,False,0.0031515107964698,0.9992330012161036,0.9226214289665222,0.8059718127041214,13.249262015580628,8.242995247984123
50,DRIAMS-A->DRIAMS-B|Staphylococcus epidermidis,DRIAMS-A->DRIAMS-B|Staphylococcus epidermidis|Ciprofloxacin,DRIAMS-A,DRIAMS-B,Staphylococcus epidermidis,Ciprofloxacin,0.0086182457290481,0.0024395372024628,100.0,hybrid,hybrid,0.9214243650982448,0.9238639023007076,0.9238639023007076,0.9238639023007076,True,0.0,0.999393809866133,0.9011023640632628,0.7968549406103177,13.086288299293544,8.171675860109836
50,DRIAMS-A->DRIAMS-B|Staphylococcus epidermidis,DRIAMS-A->DRIAMS-B|Staphylococcus epidermidis|Clindamycin,DRIAMS-A,DRIAMS-B,Staphylococcus epidermidis,Clindamycin,0.0086045200090094,-0.0099197169775247,100.0,hybrid,random,0.6527003082626652,0.6427805912851404,0.6427805912851404,0.6527003082626652,False,0.0099197169775248,0.9995516150692678,0.9042452573776244,0.7971723828110981,13.281214346275984,8.251635692115048
50,DRIAMS-A->DRIAMS-B|Staphylococcus epidermidis,DRIAMS-A->DRIAMS-B|Staphylococcus epidermidis|Erythromycin,DRIAMS-A,DRIAMS-B,Staphylococcus epidermidis,Erythromycin,0.0086322614879013,-0.0210053577071537,100.0,hybrid,random,0.586289330008988,0.5652839723018341,0.5652839723018341,0.586289330008988,False,0.0210053577071538,0.9993873836028844,0.8977175951004028,0.8084371524301323,13.253133959254155,8.245121218407762
50,DRIAMS-A->DRIAMS-B|Staphylococcus epidermidis,DRIAMS-A->DRIAMS-B|Staphylococcus epidermidis|Fusidic acid,DRIAMS-A,DRIAMS-B,Staphylococcus epidermidis,Fusidic acid,0.0086264841381696,-0.01053216039565,100.0,hybrid,random,0.7103991520018385,0.6998669916061883,0.6998669916061883,0.7103991520018385,False,0.0105321603956501,0.9994082378883687,0.893692672252655,0.7946105959498119,13.130813639479332,8.16495491566287
50,DRIAMS-A->DRIAMS-B|Staphylococcus epidermidis,DRIAMS-A->DRIAMS-B|Staphylococcus epidermidis|Oxacillin,DRIAMS-A,DRIAMS-B,Staphylococcus epidermidis,Oxacillin,0.0086131788100351,-0.005545494605923,100.0,hybrid,random,0.8194686485177125,0.8139231539117894,0.8139231539117894,0.8194686485177125,False,0.0055454946059231,0.9994717760798378,0.8974229097366333,0.796219232488808,13.085826600466952,8.165518407337048
50,DRIAMS-A->DRIAMS-C|Escherichia coli,DRIAMS-A->DRIAMS-C|Escherichia coli|Amoxicillin-Clavulanic acid,DRIAMS-A,DRIAMS-C,Escherichia coli,Amoxicillin-Clavulanic acid,0.0144444266688638,-0.0053586326481626,1.0,hybrid,random,0.3401563687153393,0.3347977360671765,0.3347977360671765,0.3401563687153393,False,0.0053586326481627,0.9942364575474862,0.4535341262817383,0.6427631261622219,10.64051394575224,8.379811144072734
50,DRIAMS-A->DRIAMS-C|Escherichia coli,DRIAMS-A->DRIAMS-C|Escherichia coli|Cefepime,DRIAMS-A,DRIAMS-C,Escherichia coli,Cefepime,0.0145196658546958,0.0085982721572287,1.0,hybrid,hybrid,0.4377737978808977,0.4463720700381264,0.4463720700381264,0.4463720700381264,True,0.0,0.9921129807534242,0.510299563407898,0.6352050586154934,10.800730241159233,8.362169704076459
50,DRIAMS-A->DRIAMS-C|Escherichia coli,DRIAMS-A->DRIAMS-C|Escherichia coli|Ceftazidime,DRIAMS-A,DRIAMS-C,Escherichia coli,Ceftazidime,0.0158614490988242,0.0055683026153356,1.0,hybrid,hybrid,0.3148273439315777,0.3203956465469134,0.3203956465469134,0.3203956465469134,True,0.0,0.992367858607974,0.4452377259731293,0.6480576985783254,10.65829632380156,8.374368254993032
50,DRIAMS-A->DRIAMS-C|Escherichia coli,DRIAMS-A->DRIAMS-C|Escherichia coli|Ceftriaxone,DRIAMS-A,DRIAMS-C,Escherichia coli,Ceftriaxone,0.0146620782068139,0.0108588344293019,1.0,hybrid,hybrid,0.3506620306592102,0.3615208650885122,0.3615208650885122,0.3615208650885122,True,0.0,0.9939924423604553,0.4444908499717712,0.6428219507555718,10.641363873344304,8.363616211754112
50,DRIAMS-A->DRIAMS-C|Escherichia coli,DRIAMS-A->DRIAMS-C|Escherichia coli|Ciprofloxacin,DRIAMS-A,DRIAMS-C,Escherichia coli,Ciprofloxacin,0.0152296332028698,0.0032580475311509,1.0,hybrid,hybrid,0.6819637380338971,0.685221785565048,0.685221785565048,0.685221785565048,True,0.0,0.993189458525992,0.4327592849731445,0.6377758694086874,10.63365694876966,8.365212154038883
50,DRIAMS-A->DRIAMS-C|Escherichia coli,DRIAMS-A->DRIAMS-C|Escherichia coli|Cotrimoxazole,DRIAMS-A,DRIAMS-C,Escherichia coli,Cotrimoxazole,0.0153447688521053,-0.0032190175680784,1.0,hybrid,random,0.4319538348302839,0.4287348172622054,0.4287348172622054,0.4319538348302839,False,0.0032190175680784,0.9929772894990648,0.4493109285831451,0.6454129404702896,10.656523301617018,8.375323706943353
50,DRIAMS-A->DRIAMS-C|Escherichia coli,DRIAMS-A->DRIAMS-C|Escherichia coli|Norfloxacin,DRIAMS-A,DRIAMS-C,Escherichia coli,Norfloxacin,0.0138718623136846,0.0060282368740658,1.0,hybrid,hybrid,0.7027818636940046,0.7088101005680705,0.7088101005680705,0.7088101005680705,True,0.0,0.9940661314431748,0.535570502281189,0.8564721015107754,11.395111713422242,9.367816715631434
50,DRIAMS-A->DRIAMS-C|Klebsiella pneumoniae,DRIAMS-A->DRIAMS-C|Klebsiella pneumoniae|Cotrimoxazole,DRIAMS-A,DRIAMS-C,Klebsiella pneumoniae,Cotrimoxazole,0.0049740088532861,0.0158871516302695,10.0,hybrid,hybrid,0.3383878100501135,0.354274961680383,0.354274961680383,0.354274961680383,True,0.0,0.9926792422484404,0.5369187593460083,0.7660956986186117,11.283856003002096,8.537282455761114
50,DRIAMS-A->DRIAMS-C|Proteus mirabilis,DRIAMS-A->DRIAMS-C|Proteus mirabilis|Cotrimoxazole,DRIAMS-A,DRIAMS-C,Proteus mirabilis,Cotrimoxazole,0.0211465029832901,0.0133422796100648,1.0,hybrid,hybrid,0.4468768684674186,0.4602191480774834,0.4602191480774834,0.4602191480774834,True,0.0,0.9853551912568306,0.3598484098911285,0.5053771404032915,11.119237328878516,9.592021888201351
50,DRIAMS-A->DRIAMS-C|Staphylococcus aureus,DRIAMS-A->DRIAMS-C|Staphylococcus aureus|Clindamycin,DRIAMS-A,DRIAMS-C,Staphylococcus aureus,Clindamycin,0.0072127986016934,0.0224703460567401,100.0,hybrid,hybrid,0.2134203775953664,0.2358907236521065,0.2358907236521065,0.2358907236521065,True,0.0,0.9915280418506224,0.5557421445846558,0.6546996317663976,11.238172866781277,8.49693292089609
50,DRIAMS-A->DRIAMS-C|Staphylococcus aureus,DRIAMS-A->DRIAMS-C|Staphylococcus aureus|Penicillin,DRIAMS-A,DRIAMS-C,Staphylococcus aureus,Penicillin,0.0072562657180695,6.937587767153586e-05,100.0,hybrid,hybrid,0.8922245523442133,0.8922939282218847,0.8922939282218847,0.8922939282218847,True,0.0,0.991449647116792,0.551287829875946,0.658242171622038,11.17401468487414,8.498923017721662
50,DRIAMS-B->DRIAMS-C|Staphylococcus aureus,DRIAMS-B->DRIAMS-C|Staphylococcus aureus|Clindamycin,DRIAMS-B,DRIAMS-C,Staphylococcus aureus,Clindamycin,0.0096553289316057,0.0083091135678054,100.0,hybrid,hybrid,0.1483483033465326,0.156657416914338,0.156657416914338,0.156657416914338,True,0.0,0.9922841958437064,0.5828742980957031,0.7033335002769913,11.805748193017369,10.475410621878744
