code,cluster,y,p_global,p_routed
28010102990_B12,5,0,0.0364714533088014,0.0015765458783477476
28010102990_D11,1,0,0.026528721387002286,0.028612205409601184
28010102990_D9,1,0,0.049350674771983176,0.0549686270236772
28010105020_C3,1,0,0.001278490514293922,0.0006437375953464951
28010201730_F9,7,0,0.0027222367154944166,0.0027222367154944166
28010202660_A3,1,0,0.024587410278335522,0.07929950541856767
28010205600_E3,2,0,0.00024620454936661066,5.047871625757895e-06
28010305960_A5,1,0,0.002248058439624829,0.0008876185930391409
28010309840_B3,1,0,0.004260837599667501,0.0020896143530503846
28010312660_A10,3,0,0.0013645449594897026,3.195514916110062e-05
28010312830_A8,4,0,0.0006015648066135104,0.0006015648066135104
28010312830_A9,1,0,0.0021365010360479093,0.0024433587933174895
28010401850_B6,1,0,0.04477344470487057,0.03586762192113469
28010411300_C4,2,0,0.0021184196094960407,0.0023715801041893007
28010413780_B1,1,0,0.0065748762367358925,0.0033517074291264867
28010505890_A10,1,0,0.005980478622036384,0.0014160314867794415
28010510170_C10,2,0,0.0004923168172280461,9.551158182502774e-07
28010510180_A2,1,0,0.16231110563289058,0.10473180450818825
28010604540_C6,7,0,0.03377789892155255,0.03377789892155255
28010809230_B6,1,0,0.05510712915431806,0.16989665617376232
28010809230_B7,1,0,0.015956667014626336,0.027835223063416254
28010811270_E4,1,0,0.00935036655583154,0.0016981418760926516
28010811340_E8,4,0,0.005477784164441271,0.005477784164441271
28010811340_E9,1,0,0.0018762831993926312,0.0003167152030068896
28010904980_C10,1,0,0.016255051265308535,0.005649484952203736
28010910430_C6,1,0,0.028844991205825492,0.009712724066660261
28010913110_A2,1,0,0.0010749664101481278,0.00021508495131063936
28011005160_B7,5,0,0.027063633909707584,0.3484923224552555
28011106890_C8,5,0,0.00034112199314725796,0.0002430481214180724
28011503430_C10,5,0,0.007612866585565585,0.03784852074200399
28011503430_D10,5,0,0.002820773925317672,0.011948635268035756
28011503680_D11,1,0,0.007258643787557508,0.004339526219147458
28011509420_F7,1,0,0.029464060279667338,0.04090364390071015
28011509420_F8,5,0,0.030466401918116576,0.011802338985769956
28011511860_C11,5,0,0.010489950589610735,0.0011986768856295947
28011513230_B9,5,0,0.006992228556584293,0.08881956535720169
28011513930_E10,3,0,0.05233519127880077,6.758808151154279e-05
28011513930_E6,3,0,0.04696398354115107,0.0002750920374035985
28011513950_F2,1,0,0.0901613736021316,0.03114534752846664
28011601630_E1,5,1,0.08771513899258963,0.7817113334557545
28011601630_E4,5,1,0.008341528904297709,0.005009118297145755
28011608910_F3,1,0,0.08067908426800643,0.029391172248463136
28011610930_E11,3,0,0.002413933761766127,3.26913273691001e-05
28011612740_D6,5,0,0.0028928711997272994,0.11586316767859313
28011707170_F9,1,0,0.0026335704741913845,0.00047895346193993835
28011802980_C3,2,0,0.0005377205867389961,0.00011760546497216634
28011909270_B10,6,0,0.14640128295976343,0.0012700628015589117
28011909830_F4,1,0,0.0018727050863522217,0.00033007329372940046
28011909830_F5,1,0,0.004246149111794198,0.0023315293051764017
28011910160_D12,1,0,0.0026438019227045147,0.00046131957231858897
28012004610_C7,3,0,0.054919498763642216,0.1159650310077905
28012103010_E5,1,0,0.044367150069900246,0.011599431331115177
28012205590_C3,2,0,0.0038035919926036384,0.0003742102607689918
28012205610_C5,1,0,0.05026553395754107,0.015781611825663355
28012206170_E3,0,0,0.013595960275379572,0.013595960275379572
28012206250_E5,1,0,0.012075570025469119,0.006449928821765162
28012209900_A1,1,0,0.0369799968752048,0.013001983625447227
28012304040_A7,6,0,0.006918405791672326,0.00018868522146246332
28012309730_A12,0,0,0.013720213286810742,0.013720213286810742
28012402400_B5,1,0,0.06647642037469209,0.03527643096462484
28012402430_B6,1,0,0.0020515706593036945,0.006488849262800571
28012603470_C2,1,0,0.010477130430197637,0.01668402088478807
28012608340_D9,2,0,0.00043007039456453676,0.00013610810415520718
28012612620_G9,5,0,0.025632121099607524,0.04039619107547333
28012612620_A10,1,0,0.19321216137667446,0.052622082826901284
28012612620_A11,5,0,0.5664022698320189,0.9049301623890134
28012612620_A12,5,0,0.055201300295229946,0.2277280469035648
28012612630_G10,5,0,0.0727396521835009,0.20811944156985668
28012612630_B1,1,0,0.642793334807006,0.14676593898734142
28012612630_B2,5,0,0.09016470418080827,0.4145107190479898
28012612630_B3,1,0,0.024692122370962008,0.05254180555942869
28012701910_E3,3,0,0.02094262746223169,0.03328319926195458
28012702220_E8,1,0,0.01076321012453763,0.003493138662784251
28012702220_E9,1,0,0.004752472054018431,0.0031909925876644567
28012702670_E11,1,0,0.14879814920653367,0.22191683193651693
28012703350_F7,1,0,0.06018653692977824,0.01711365727561814
28012703350_B5,0,0,0.012097246514265716,0.012097246514265716
28012704350_G9,1,0,0.03502552298881891,0.010976306308510953
28012904720_G12,1,0,0.0020406481174802906,0.00035506409574728926
28012906070_A7,1,0,0.0017342993361966603,0.002672562284130474
28012906350_B1,7,0,0.004353028090388555,0.004353028090388555
28012909350_B8,1,0,0.08779888180750238,0.013006401128420676
28013005400_A9,1,0,0.014343341900623646,0.013224705557146672
28013005820_C12,6,0,0.0007381358482382384,0.009090857170473813
28013008780_B3,1,0,0.04094156439967413,0.0028025713037655403
28013008780_B5,4,0,0.00490506508952801,0.00490506508952801
28013009980_G5,5,1,0.05379473894137978,0.2985273637012134
28013009980_A2,5,1,0.6349919238670256,0.994453725776907
28013010330_B6,1,0,0.0024102545710464568,0.0011518367087436131
28013010860_A4,5,0,0.0404990385390743,0.008198995738181775
28013012980_F10,5,0,0.0016358266174200916,9.113564319903735e-05
28013102900_D1,1,0,0.004475623412110784,0.005269782798349761
28013102900_D2,1,0,0.003111237871882067,0.0017804618101214165
28013106160_D7,1,0,0.0029003336270656166,0.0024374381500222846
28013109040_D12,1,0,0.0016717228675581868,0.0008343390423181227
28013109040_E1,1,0,0.008731771756344438,0.00535143056486778
28020104360_G3,6,0,0.005431839203546023,0.00019926475278979856
28020104550_G4,1,0,0.0013135505714581925,0.00015460991029012921
28020107750_F3,3,0,0.011927598061976316,0.14390275673001643
28020111030_C7,1,0,0.0007717068944226338,0.0003781636516648025
28020112140_F8,1,0,0.19139787975456085,0.016351552158923796
28020112140_G3,1,0,0.21018112613227496,0.025038552532025266
28020112140_G4,5,0,0.37194803249811337,0.06426554785568063
28020203520_A8,1,0,0.0006703632222217464,0.00013726050932786425
28020301940_G5,0,0,0.015331807852076742,0.015331807852076742
28020403780_D6,5,0,0.0006406028980801144,0.0022945676838163676
28020604130_B8,5,0,0.0024071488549792905,0.004415593983964439
28020605530_C11,5,1,0.23123593743757564,0.132625323904377
28020607200_C2,2,0,0.00033982361918890957,2.8190880606899373e-06
28020609610_C3,2,0,0.0002511290485181819,4.072709129293865e-05
28020609610_C4,2,0,0.0006835462173539129,0.0002058962298229841
28020613100_D7,1,0,0.0020794582043008047,0.0012268269817867336
28020702020_D9,1,0,0.005531477570867342,0.00863284301166885
28020706990_F10,5,0,0.035618452166860534,0.008534008883762467
28020706990_F8,1,0,0.005622149478554422,0.0004891323165407345
28020706990_F9,1,0,0.006271238787689551,0.0010916939839638342
28020707160_A7,1,0,0.02997308672895068,0.0344730660660975
28020707160_B8,1,0,0.011975545397970725,0.008585590994924711
28020709380_G9,2,0,0.002424025109960203,0.0021888850870271804
28020711190_E7,5,0,0.11150839688097298,0.01757121927817327
28020806800_E4,3,0,0.07256503250683981,0.06992053279433597
28020813800_D4,3,0,0.002463915977198304,0.00017728622789447746
28020906540_E1,1,0,0.015882408525768048,0.005233435429648632
28020912310_C2,3,0,0.0014648180537514567,0.0060322255829119145
28021003720_C6,1,0,0.06633904293943728,0.06625180681895572
28021102900_G4,2,0,0.00014643149442270336,4.083367457083074e-05
28021102900_G5,2,0,0.00030210528047623956,1.0495774273890891e-05
28021103830_D9,3,0,0.040577841239713947,0.00020700952322827863
28021208530_A5,2,0,0.0033992450067752825,3.545321378240628e-05
28021212000_F7,2,0,0.0010377103062959125,0.00016664943836304063
28021212000_A9,2,0,0.00044653184920193724,7.595374056505768e-05
28021306740_D2,4,0,0.00014983824943114806,0.00014983824943114806
28021306770_D7,5,0,0.005393808498161735,0.035000313353807315
28021310310_E3,2,0,0.0024743208411734294,2.5592990190678966e-06
28021408120_E9,6,0,0.0009231108230316923,0.004526331681177856
28021408650_D8,7,0,0.019726173414904808,0.019726173414904808
28021508990_G5,5,0,0.004780601451639133,0.15023631109238517
28021510270_E7,1,0,0.0017735391662262617,0.0025745998420001175
28021510270_E9,5,0,0.008188451327999181,0.005586700380902947
28021510520_G6,5,0,0.31412275749913027,0.6584877858856132
28021609090_A5,5,0,0.009613895437430516,0.015465697845571962
28021702160_C5,0,0,0.010631092827096438,0.010631092827096438
28021703920_C12,3,0,0.0056366928586576125,0.021346229571423323
28021803690_D1,7,0,0.0014949193897039535,0.0014949193897039535
28021907500_E3,5,0,0.05104414441432746,0.14767305808242873
28021907510_E6,5,0,0.00844187715574266,0.0009152121467225836
28021909350_C4,1,0,0.059029483979251625,0.19242900680677702
28021910050_E10,1,0,0.008181344494711178,0.0013820286817498501
28021913820_F8,2,0,0.00014699279526318238,1.5560471101626046e-05
28022012050_F6,1,0,0.004117436334232194,0.005480399775075165
28022012050_F7,1,0,0.00252587234283043,0.001802383279620029
28022110330_F10,1,0,0.0048495602271168455,0.0027626689058874816
28022112330_B1,5,0,0.002497741330394876,0.009138900279064943
28022207130_F5,5,0,0.007082156706499891,0.003591155694928609
28022209310_C12,1,0,0.019101203452100354,0.013482265339428057
28022209320_D3,3,0,0.008384041615169514,0.002842693273116647
28022209900_F3,6,0,0.0005654328603054991,0.00020768351205937362
28022304000_C1,7,0,0.0011761482198693212,0.0011761482198693212
28022304000_C2,1,0,0.0014722958506628418,0.0010266887405681274
28022304000_C6,7,0,0.0032439642018930273,0.0032439642018930273
28022304000_C7,6,0,0.003059158606899484,0.0008462217269470669
28022406190_D7,6,1,0.03720745465205305,0.06849471207282577
28022503510_E4,6,0,0.0018270665561584704,0.010524352254267432
28022609510_F1,1,0,0.0006633586272242063,0.0011155365356023145
28022611380_D12,5,0,0.10037515098167468,0.04008249123238573
28022713450_B8,3,0,0.05722088041662094,0.00043050140673053414
28022811400_F4,5,0,0.0035001429645691367,0.015011166538699931
28022813710_F6,5,0,0.2860679755342123,0.029825617258650357
28022813780_E1,5,0,0.0021631553377621606,0.06082290693496251
28030110660_G4,2,0,0.00030405684692641076,2.0509382971589018e-05
28030110950_B5,5,0,0.0010640232482535814,0.007702129493769754
28030112010_A12,1,0,0.5575116557324076,0.5252982069954841
28030208990_C7,6,0,0.07964299673600914,0.030485874617888452
28030210960_C5,6,0,0.16266979422711716,0.03229094836303273
28030210960_D10,1,0,0.610654882221082,0.6209741187946579
28030213700_C12,6,0,0.07845164317995167,0.0023894356356297703
28030508420_A11,6,0,0.053290095811619066,0.01008439957658302
28030508930_B1,3,0,0.0003781108390213759,5.161320420810222e-06
28030508930_C9,3,0,0.0004552509006589037,0.0001226044896244503
28030510540_B10,1,0,0.015201183448439935,0.0027303220901888177
28030510540_B9,1,0,0.0014941062865271477,0.0014010821973955275
28030511090_C1,1,0,0.001779606576281243,0.0015109187828405534
28030511090_C2,1,0,0.0008766578047935778,0.0004322266541753379
28030511090_C3,1,0,0.0013563475227274199,0.0007382732140894514
28030511090_C4,1,0,0.027015909847434218,0.0018008531698900012
28030511270_C10,4,0,0.0021947363037009755,0.0021947363037009755
28030511270_C11,4,0,0.0014283658017372016,0.0014283658017372016
28030511270_C12,4,0,0.0011314168058266488,0.0011314168058266488
28030511270_D1,4,0,0.0016653601856237506,0.0016653601856237506
28030511270_D2,6,0,0.0008894289518172418,0.00015917843145906712
28030511270_D3,6,0,0.001572175101349738,0.0016119898474401704
28030511270_D4,6,0,0.002381883262070086,0.011334422535829768
28030511270_D5,1,0,0.001133766323723922,0.0007869821085873891
28030511270_A6,5,0,0.016797909226749855,0.2517894138486466
28030603940_F7,2,0,0.0016389350715408958,2.4557264284913827e-06
28030611750_G10,4,0,0.10511570191559358,0.10511570191559358
28030611750_G11,4,0,0.015028516250834383,0.015028516250834383
28030611750_C3,1,0,0.5326129594310668,0.7535215526885944
28030611750_C4,1,0,0.795272638725787,0.6189129219632817
28030611820_H3,1,0,0.018849415735874543,0.022601571899333914
28030611820_C5,5,0,0.13488740051467937,0.44867841888712806
28030709850_B4,0,0,0.0003601126706794427,0.0003601126706794427
28030711870_A2,3,0,0.017372847413478543,2.8817009934859042e-05
28030713200_D9,0,0,0.00014354300016707213,0.00014354300016707213
28030714930_A1,5,0,0.6499832385779855,0.34989941728390195
28030805700_D12,1,0,0.012473962875486012,0.022892330664090944
28030810270_C1,5,0,0.029285796081312994,0.027552976651694403
28030811580_C12,2,0,0.01921967727550804,0.012637371787236682
28030811580_D1,2,0,0.003925905792652242,0.00013868674092423365
28030812580_C4,5,0,0.025368209951924202,0.01860876641675003
28030910210_H2,3,0,0.002862181721187998,0.008314680002268404
28030910210_H3,5,0,0.00775906462338865,0.0765771328752438
28030912710_E3,1,0,0.1288791906721431,0.15897875274172346
28030912750_B11,3,0,0.20029075176393116,3.4679478878029437e-06
28030912750_E7,3,0,0.02676070008847003,7.81939932065062e-05
28031003450_D1,7,0,0.23052948048743543,0.23052948048743543
28031003450_D2,1,0,0.021581885852765877,0.0074570274084258805
28031003450_D12,5,0,0.012156285723827048,0.004708500131227322
28031003450_A1,5,0,0.01700500571431653,0.0036936928219148484
28031003670_D7,5,0,0.011284933107587318,0.0027995128624152643
28031103360_C9,1,0,0.0163639631705152,0.015477691332512655
28031212010_B4,1,0,0.06489436162294486,0.059950717414394505
28031214150_B2,5,0,0.0028167551768176844,0.012232618763548706
28031304230_B10,0,1,0.6126353349909907,0.6126353349909907
28031304380_B12,5,0,0.0005160921074789766,0.5186672407713758
28031309210_D11,4,0,0.10943984132938547,0.10943984132938547
28031314780_F5,5,0,0.0017236939031415653,0.000589828909587151
28031509560_F5,5,0,0.002307080556712488,0.015349363827515875
28031603630_A11,2,0,0.002542464518996824,3.6898904494406854e-05
28031611780_D1,2,0,0.0016675349530318366,0.001613699340375654
28031611780_D2,1,0,0.005656629196222318,0.0012580014616921052
28031702960_D12,2,0,0.001309074089786347,3.401397448326127e-05
28031702960_E1,2,0,0.0008404244368101287,0.00012682952327244202
28031702960_E2,2,0,0.0005084879639325415,5.214266455805088e-06
28031702960_E3,2,0,0.0003250596219813885,4.7127233554395846e-05
28031702960_E4,2,0,0.0026882110023991723,0.0001940780830245259
28031703480_G1,3,0,0.004089083280480291,0.010720174728674437
28031913540_H12,6,0,0.008340838483770334,0.0026736112180017913
28032002900_A11,1,0,0.007467106449196238,0.014470184120210759
28032002900_A12,1,0,0.005294974151984372,0.008896921095707305
28032006150_E3,7,0,0.0006990073305835255,0.0006990073305835255
28032106890_H2,1,0,0.004044676770228457,0.0017494771672659888
28032109660_B8,6,0,0.008051884879451921,0.01050295432151462
28032111110_B12,6,0,0.04406606346948656,0.015232729362382551
28032113270_H12,1,0,0.0022277756010533295,0.0018502808192160196
28032209810_D4,1,0,0.0018469232483749524,0.004450038130276783
28032213510_C8,5,0,0.01774338705617673,0.002962818481813917
28032309530_D5,2,0,0.00027598265552916467,8.576533521025943e-06
28032402630_B4,4,0,0.03327973431045416,0.03327973431045416
28032405410_B6,3,0,0.0072670382458071316,0.008057065622113073
28032405410_B7,3,0,0.004114904187182082,0.021603979956370378
28032611870_E2,6,0,0.2523706879014982,0.017329435880094248
28032703550_C1,1,0,0.010823754760208528,0.009058679279896297
28032709510_D4,1,0,0.20516980240420746,0.060524939567574466
28032709680_E10,1,0,0.053524905144725035,0.05226629568737492
28032805800_G2,0,0,0.0025786403209821663,0.0025786403209821663
28032805850_G4,1,0,0.009357412522442137,0.07080416051956752
28032810820_G7,2,0,0.004171412927861911,0.0006516739308980034
28032810840_G12,3,0,0.005593706489497469,1.200670957541883e-05
28032810930_H3,6,0,0.022338632420337883,0.0027802374931137053
28032813400_G11,1,0,0.026884703257003,0.03581336415173786
28032813440_H2,1,0,0.017437926290230703,0.0016866398973104902
28032906350_C1,1,0,0.018036094755238024,0.04295842353324158
28032909670_E3,3,0,0.021102691374786715,0.10575520215650555
28033003410_F11,5,0,0.027991880309396495,0.004907451747520891
28033104720_F5,1,0,0.01247139479885117,0.0028404836834220225
28033106500_F11,6,0,0.006300323509906032,0.005567289602736089
28040105490_A6,5,0,0.011586576812980027,0.004507365642550654
28040203260_B1,2,0,0.003350946745313396,8.876985439292482e-05
28040203260_B2,2,0,0.000671324594574761,5.986825030823541e-06
28040203260_B3,2,0,0.013747812248044588,0.0005592676866760503
28040412450_D12,1,0,0.0003647859693510162,0.00021476235635397442
28040502370_C5,1,0,0.006919423047387696,0.0012614019393237768
28040506610_F3,1,0,0.0021790860514646214,0.0022674476269636196
28040506890_F6,3,0,0.001929889362767055,0.0001303446660810784
28040507850_F11,1,0,0.0051850475130805025,0.002350591101740399
28040508710_B6,1,0,0.02658126828136294,0.06902772094448047
28040508760_C8,1,0,0.005022721147825697,0.001041962767033295
28040510520_C11,1,0,0.008814544182091712,0.0023167209231350393
28040512300_B11,1,0,0.05349596783817311,0.023360888653045805
28040514190_G4,6,0,0.0062468083234754,0.0075423660099907044
28040606810_E8,1,0,0.03238398384108741,0.003392913275899218
28040702990_H1,0,0,9.537331040507749e-05,9.537331040507749e-05
28040702990_H2,0,0,9.656663918100437e-05,9.656663918100437e-05
28040702990_H7,4,0,0.009179649130452229,0.009179649130452229
28040702990_E4,5,0,0.004385480982431554,0.021555136375279463
28040703580_E5,1,0,0.011208357018043895,0.005193555582276008
28040911050_C1,0,0,0.003588500163289328,0.003588500163289328
28041005720_F1,6,0,0.001211419003403297,1.6369782739483207e-05
28041008900_F6,0,0,0.00029266354534902475,0.00029266354534902475
28041014490_G5,5,0,0.22887362212731333,0.09547061510886934
28041014510_D6,2,0,0.0037070974027301447,0.00012843587465700875
28041014510_D7,2,0,0.0003557395650118618,6.968723590022869e-06
28041014540_D1,1,0,0.0031392377814885787,0.00536616046777015
28041102460_E5,1,0,0.004675907561552828,0.002730708464082983
28041102460_E6,1,0,0.001294542279777948,0.0036364303087138886
28041107020_B7,2,0,0.003054768182961931,3.1682175441245965e-06
28041107120_B9,2,0,0.00275914563325211,5.294704467035313e-06
28041112590_F9,6,1,0.16155215173817405,0.00430301699620298
28041202130_G6,0,0,0.012252429959970498,0.012252429959970498
28041206030_E3,5,0,0.005038396554074146,0.0038322663526032886
28041208030_E8,1,0,0.03418402152913138,0.0023947896919847334
28041208030_A9,1,0,0.0011179712773827643,0.00019239871321494772
28041208590_H7,0,0,0.0005122201185367088,0.0005122201185367088
28041209990_H1,0,0,0.002956634327043829,0.002956634327043829
28041209990_H2,0,0,0.0007780216430145151,0.0007780216430145151
28041210560_F5,1,0,0.16130511825135252,0.05058814522426698
28041210590_F6,1,0,0.01339123228668799,0.0017185395121715333
28041312010_C11,6,0,0.0009470979811357378,0.0031141933344024605
28041312020_C6,7,0,0.004502752861685928,0.004502752861685928
28041502470_A9,2,0,0.006708420101922914,5.991754933033413e-06
28041503010_F7,1,0,0.040008582698349816,0.0016043770993414224
28041601780_B3,3,0,0.0028236339922090726,2.258130394537773e-05
28041604280_A5,5,0,0.021595969271596523,0.005991187343543417
28041609060_F6,3,0,0.10833543952550696,0.0001345134020750412
28041609080_F7,6,0,0.17737633455212684,0.03307304246902985
28041612390_B12,5,0,0.2458362146853571,0.13695598653281962
28041702100_A12,2,0,0.009148913243468528,2.7871425682627722e-05
28041702100_B1,5,0,0.0015964141214321068,0.030764453541875948
28041705340_H6,1,0,0.5212165376604658,0.901064059691182
28041708260_B3,5,0,0.08985992558198785,0.013249816663198244
28041710370_B4,1,0,0.37151364837856565,0.02727995679204742
28041710370_B5,1,0,0.002261119752634528,0.0005632936075300562
28041710370_B7,1,0,0.020998595909260936,0.003154040395745339
28041804550_E5,2,0,0.012456267906996605,3.0428650886283172e-05
28041804550_E7,2,0,0.03535700777264696,1.2594746086566654e-06
28041804550_E8,2,0,0.001624585908093166,3.949404248562984e-06
28041804550_F8,2,0,0.05530547270460173,1.4306679443309203e-05
28041909560_B10,1,0,0.01268890141111277,0.010330104597960486
28041910650_C3,1,0,0.5279661306467637,0.3365069565376761
28041911650_B11,1,1,0.008945963049305507,0.0016343376403070002
28041911650_B12,5,1,0.002037791826147457,0.22212017303112477
28042003030_E7,7,0,0.0003956236830666069,0.0003956236830666069
28042102250_G4,1,0,0.00328028299002074,0.0016902367721708996
28042102250_G5,1,0,0.005929384539267998,0.0014428220301369997
28042203710_F6,1,0,0.009855455193541723,0.009577244221431915
28042203710_F7,1,0,0.07114672013933108,0.007003564814189951
28042306840_A3,1,0,0.007998887407415674,0.013865377421629287
28042308040_F10,1,0,0.015976274268496262,0.003303015227464276
28042309910_C5,0,0,0.014219957837602494,0.014219957837602494
28042312910_F11,3,0,0.0009983650252433326,1.4234846812227368e-05
28042407790_F1,1,0,0.05488092010637081,0.0036666443036667486
28042410140_E2,0,0,0.00047447015663980004,0.00047447015663980004
28042410140_E3,0,0,0.0015108691385780776,0.0015108691385780776
28042410150_D12,0,0,0.0005233704594495119,0.0005233704594495119
28042410150_E1,2,0,0.0017651604318202803,1.7511965566235927e-05
28042410160_D10,1,0,0.06727030357743781,0.1280398310671931
28042410160_D11,1,0,0.0020380281087299845,0.00012575589087255725
28042410160_D9,1,0,0.010692548763897495,0.006030846909871808
28042410430_D8,2,0,0.002833634091352495,0.0071648063853096055
28042412030_B4,1,0,0.038671014182662826,0.008134183529950384
28042413540_D3,1,0,0.0007722057116900519,8.4221472572158e-05
28042505820_B2,6,0,0.052708626242401004,0.06276284947560454
28042506220_E8,5,0,0.01265931587512444,0.0022978555959993568
28042506220_B1,1,0,0.0031249608804724506,0.004699138278246854
28042509100_C6,1,0,0.11683081193223124,0.06177359732016282
28042510600_C9,1,0,0.0010702254532531288,0.007054675052502312
28042510600_D11,1,0,0.003279050888722002,0.00044683400548732767
28042603550_F12,1,0,0.015801652294343656,0.0016672172251285765
28042606820_F5,1,0,0.0016490555429476419,0.0012678964177752696
28042610620_F11,7,0,0.03539984479821809,0.03539984479821809
28042709250_E2,2,0,0.00048183004160462435,6.028909642844776e-05
28042709250_E3,7,0,0.0030413636281962776,0.0030413636281962776
28042902330_A9,4,0,0.0007477315626231816,0.0007477315626231816
28043007250_F9,5,0,0.04746962254240724,0.015912813795385814
28043008620_A1,1,0,0.008079240739516812,0.004247989489244041
28043008620_D9,5,0,0.008037394816021249,0.0012627944460118208
28050109070_F12,1,0,0.46582720865494764,0.14630273545507622
28050109070_G3,1,0,0.031062481374693165,0.0029955189191128357
28050207790_G4,6,0,0.3038742768586975,0.0031487254105924227
28050215550_B7,1,0,0.025351234606541678,0.039085804757793496
28050304120_C4,1,0,0.006741451192739885,0.018565050500144734
28050310100_E6,2,0,0.0024920936108031332,1.7369345220799558e-05
28050310160_E7,1,0,0.001499142098110883,0.0010695960186632824
28050312270_E9,1,1,0.04540975556308723,0.008094744678255205
28050312290_A3,5,0,0.03234816025308945,0.10717638833417754
28050313660_A4,5,1,0.009053976538155173,0.31496632937580715
28050313660_D5,5,1,0.5367915920691794,0.9919955463971825
28050410360_E8,3,0,0.049116812649506125,0.00019451313627132783
28050411000_E10,6,0,0.08398832085364165,0.022096681245779314
28050704110_A6,5,0,0.0710818480853538,0.2851284968747681
28050704110_A9,7,0,0.004980427580652591,0.004980427580652591
28050704390_B5,6,0,0.0880270597556105,0.19744663347980904
28050801650_F10,0,0,0.05865317003421432,0.05865317003421432
28050801650_H2,0,0,0.11144974522279229,0.11144974522279229
28050804090_G2,2,0,0.011147368517144358,0.00018741744114279517
28050804090_G4,2,0,0.0015535591841600777,2.828020473364279e-05
28050804650_F3,5,0,0.2328330202805211,0.12734440712310138
28050805340_A9,5,0,0.007469075574782937,0.060593462175113424
28050901310_A1,4,0,0.0006720611206359281,0.0006720611206359281
28050901310_A2,5,0,0.0039506576003269685,0.006692751463405335
28050911380_F6,1,0,0.2950448113412204,0.04277185333696636
28051003360_G3,1,1,0.9413312192305233,0.8872480442904446
28051004620_B2,3,0,0.0008127152952695953,5.7082284598809564e-06
28051004620_B4,3,0,0.0032961352471711776,1.597592609910379e-05
28051108860_C5,2,1,0.008378341948343927,1.0093892273766005e-05
28051202130_E12,2,0,0.001397624875667343,6.76996623412077e-05
28051203190_E2,1,0,0.008988304680538833,0.012978500504039377
28051203650_D5,1,0,0.0013177942392159391,0.002783111973268468
28051203650_D6,1,0,0.004230448042611658,0.0081577436019369
28051302220_F3,1,0,0.018694299556193984,0.028748341276155217
28051405890_F8,1,0,0.006428523171706551,0.002743578316230852
28051409780_F6,1,0,0.0400210234960921,0.010344830063208969
28051410590_D12,6,0,0.13483259517843585,0.0247541785964124
28051502040_C1,2,0,0.006657287107367785,0.0006313413155862051
28051502040_C3,1,0,0.003918602689650043,0.002169304340213642
28051508810_B1,0,0,0.004614365830547181,0.004614365830547181
28051513160_B10,1,0,0.016956496265988275,0.005697831147932279
28051707450_F2,1,0,0.11904143633398757,0.08786774978352886
28051710250_E7,1,0,0.012114381856449767,0.00479888971679841
28051713010_E10,1,0,0.002162677979889084,0.0007189152576112448
28051713010_E11,1,0,0.034570243731822395,0.10826171216551876
28051808170_E7,5,0,0.0787210840010785,0.651332492293746
28051812220_H8,3,0,0.0014533653512807066,1.2789434379293408e-05
28051902270_E7,2,1,0.00011998753553728103,1.5475090989573545e-05
28051902270_A2,0,1,0.0019530968536810031,0.0019530968536810031
28051902340_F10,1,0,0.003857854332476803,0.008515881206928788
28052002610_G4,1,0,0.010662030414982631,0.005106024065398479
28052002620_G7,1,0,0.010306379890112712,0.004524335587747512
28052003070_C3,1,0,0.047809152903626397,0.013196999539047948
28052103320_C6,5,0,0.0032753167009599506,0.3347569733260277
28052103320_C11,2,0,0.08871793637123308,0.0001648412519242078
28052104840_C8,6,0,0.007536956725115594,0.00042910225270221923
28052104840_D1,2,0,0.0018063319969856976,0.0004246451013143965
28052205580_E7,5,0,0.02397737956922628,0.030361266790178486
28052206090_D6,1,0,0.003460482395108768,0.0008618211052621933
28052210270_F4,2,0,0.0008190588932172054,1.1893312922601456e-06
28052210270_F5,2,0,0.0013625698802333097,1.4750469174126232e-05
28052210390_E12,5,0,0.019864081688516336,0.05933157574349125
28052304820_F11,5,0,0.003467064030831117,0.005485570144682696
28052307200_A6,3,0,0.04317969504726739,5.693192454507484e-06
28052308330_C6,1,0,0.13117414851665787,0.03515260972517101
28052312370_D3,1,0,0.06970070769982613,0.015470463012503828
28052407910_E10,2,0,0.0009497661339775725,6.4550073954477305e-06
28052407980_F3,2,0,0.009229620921101217,0.00012508336794965358
28052410720_D12,6,0,0.04687208564042453,0.0016228288286565147
28052412010_G2,1,0,0.010606049553360275,0.0024429436666551885
28052508990_F1,5,1,0.1442886440799246,0.033226819926464396
28052510560_C9,1,0,0.6233877542451559,0.8183459441780321
28052603620_E7,5,0,0.014654871238022412,0.034187034976434605
28052605620_E4,5,0,0.09902160816853162,0.5748571283557166
28052605620_E5,7,0,0.014102971576186549,0.014102971576186549
28052808490_A7,5,0,0.019659605133406817,0.005700752364850938
28052808580_C12,6,0,0.14152407682674,0.019396295089585496
28052809280_B5,5,0,0.004071871597927345,0.004038144934676832
28052905070_D2,5,0,0.019259565401552218,0.011559290023793283
28052909740_G9,1,0,0.013683340055277292,0.012929846131486268
28052909740_H9,6,0,0.19163355139548435,0.017708164101876093
28052909870_D12,7,1,0.002157589112803302,0.002157589112803302
28052909870_E1,7,1,0.0005193213677398914,0.0005193213677398914
28052909870_E2,4,1,0.003834558036197001,0.003834558036197001
28053011910_E8,4,0,0.0004281243973343293,0.0004281243973343293
28053011910_E9,4,0,0.001597179105806862,0.001597179105806862
28053011910_D1,4,0,0.002249790408557627,0.002249790408557627
28053104190_A10,5,0,0.002543872660003581,0.013649499281673276
28053110090_F1,3,0,0.0934431802437742,0.00015790831854728448
28060110060_B8,2,0,0.0004131499800889189,1.0241188221678986e-06
28060110060_B9,2,0,0.00033937232424572045,1.7506088666308055e-06
28060110060_C5,2,0,0.0009529951708217119,5.232487683338692e-05
28060110070_B11,4,0,0.00030074533904548363,0.00030074533904548363
28060110070_C4,2,0,0.0011984367688837277,1.432625209593812e-05
28060110950_G8,5,0,0.008407632349426564,0.16443655494771273
28060204010_B1,7,1,0.4091928697771709,0.4091928697771709
28060204010_E3,1,1,0.23282350389851258,0.33565621573669385
28060204120_E5,6,0,0.008415521346409887,0.006615076571714779
28060205990_E5,6,0,0.13558908917583332,0.0417497930009603
28060303720_F8,1,0,0.8898178670269399,0.5798862728631587
28060303720_F9,1,0,0.7787755127708266,0.8340352692165998
28060303720_E9,6,0,0.49709302498762337,0.13176040145259518
28060304940_B8,0,0,0.006835054206549112,0.006835054206549112
28060410660_H8,1,0,0.31252330205270046,0.16709444610376317
28060412290_D10,5,0,0.14178713931471956,0.45652158086212746
28060412290_D9,5,0,0.0013273154392229281,0.11011666238060837
28060504210_F8,1,0,0.010151963433268383,0.0007352122838846786
28060508910_G4,7,0,0.10053839183475759,0.10053839183475759
28060510530_G3,0,0,0.0015395688259501464,0.0015395688259501464
28060606320_A8,5,0,0.004453812020664036,0.009942509331014949
28060609800_B1,5,0,0.035907854616225615,0.009313815655983064
28060611580_A12,1,0,0.005264087326073268,0.0016825534081169895
28060612760_B6,5,0,0.00714629428745871,0.0021952999413729574
28060702780_G10,1,0,0.001684105438415701,0.00028910113548649105
28060803570_B9,3,0,0.051474709831743244,0.03756226897181827
28060806980_F5,1,0,0.0014590270787237802,0.000988472394139
28060809530_B4,1,0,0.04985794499072203,0.07863023755214757
28060810020_F11,5,0,0.04166456680778262,0.016370019230310815
28060811750_B12,3,0,0.0017215027166015396,0.0017253481595378487
28060902880_C6,3,0,0.12240066602709332,0.042314732741804285
28060903580_C8,5,0,0.001161280982560171,0.0070854781397237335
28061005030_B4,5,0,0.07812860020709587,0.01434356612802994
28061005760_D5,2,0,0.002940134483460058,2.342560117089676e-06
28061105380_B5,1,0,0.04160234341250662,0.013969029409935375
28061106400_B9,1,0,0.5325094143949514,0.1299967678653985
28061108910_E4,5,0,0.00942050205387877,0.02144962929193983
28061114060_H4,6,0,0.16756160922724575,0.01783938392323035
28061114060_H5,5,0,0.047514219009208054,0.24438789179683967
28061114060_A12,5,0,0.31706846539232875,0.08145594502312509
28061114070_H6,6,0,0.041657221921237504,0.0002674708170240165
28061114070_C12,1,0,0.10272723001174196,0.04273647913707972
28061114070_D1,1,0,0.09694306745191926,0.02165944269998384
28061114070_D2,1,0,0.1941023850054113,0.11239892711009965
28061207860_F6,1,0,0.01632880704230959,0.024032374517324342
28061208310_E10,1,0,0.04533753940249637,0.021780837881862063
28061208310_E12,1,0,0.002504938064687957,0.0002482771525599976
28061208310_A5,1,0,0.055160018533634114,0.12653722323380417
28061405840_E1,5,1,0.1305646110008356,0.023713158998942288
28061405840_E2,5,1,0.03772843726234289,0.035755188426084106
28061506420_C4,6,0,0.20953471542151558,0.013172769260889434
28061510000_C1,1,0,0.024588178604627045,0.02846190235270985
28061512130_C5,0,0,0.008737657333165914,0.008737657333165914
28061512190_C2,1,0,0.09618813208883153,0.026709038392777776
28061512240_C3,1,0,0.008966418607983353,0.014930595073611172
28061603040_D10,5,0,0.08153864345340191,0.19841579250186706
28061603620_E1,7,0,0.0034732402450401477,0.0034732402450401477
28061605010_D3,3,0,0.18189043525978837,0.0015279584756938867
28061605210_E3,2,0,0.00030196153704675196,4.364647419001014e-06
28061702120_D4,1,0,0.212123242075678,0.01939757643247566
28061703950_E6,1,0,0.011570949083617305,0.0032323587132894855
28061804080_F12,5,0,0.04035724875458079,0.006502840956095251
28061804190_G4,1,0,0.04209089916599431,0.004491431564246358
28061813120_E1,1,0,0.0025575590479360016,0.004418425471111976
28061813500_F10,6,0,0.0025072690417580383,8.13753821768668e-05
28061813500_F7,0,0,0.00044680398107385276,0.00044680398107385276
28061813500_F8,1,0,0.0015278414400819835,0.004024961750167076
28061813500_F9,6,0,0.0035115596525172148,0.0006985259714220433
28061905950_D1,1,0,0.006019070359803707,0.001220439033893852
28061908930_D6,2,0,0.010240836132810145,1.1056468306205323e-05
28061908930_D7,4,0,0.0003440749809830553,0.0003440749809830553
28061910530_B5,5,1,0.11423097241562408,0.0033560932697431676
28062005480_E12,5,0,0.24268871093221872,0.04020342292118319
28062005480_F1,1,0,0.02634367268664385,0.0014526092940662287
28062008630_F2,1,0,0.005498822166095873,0.0016248195830685158
28062008630_C8,4,0,0.0030828594574172615,0.0030828594574172615
28062013170_H8,1,0,0.11862219959394468,0.10914836317272467
28062104080_E3,1,0,0.0003223284059480686,0.0004206327976907221
28062104080_E4,1,0,0.000989725457246188,8.437822596732688e-05
28062104080_F7,1,0,0.714080699628944,0.3441283007181946
28062104170_F8,1,0,0.03611639619076325,0.01301556029766643
28062108750_G7,5,0,0.0005912088688267282,0.0012444464386938941
28062206120_F4,6,0,0.03304403949916012,0.035763559459562784
28062208470_B8,1,0,0.010947848184483574,0.0036041667194403417
28062404160_D7,5,0,0.05277156816809234,0.0027763506550499842
28062404270_F2,1,0,0.009044578627893284,0.0004273009657444388
28062404560_E10,1,1,0.1362477688087055,0.006215312485590532
28062506350_B3,1,0,0.0042679310674475016,0.001182754412259368
28062508680_A6,3,0,0.0017249610278850052,2.9318621932446315e-05
28062508680_A7,3,0,0.003470672449936436,4.986843081548556e-06
28062511370_H7,1,0,0.0033899026025073667,0.00110569929245455
28062511370_H8,1,0,0.0013137975611734753,0.0007202603556044074
28062602290_A12,1,0,0.011373336909123812,0.009069535530210537
28062609300_B6,1,0,0.019117124733542178,0.001855970685501929
28062609370_B9,1,0,0.0009608613702075421,0.00019561035458853088
28070203990_G5,2,0,0.00526368484327413,0.00015009075017005568
28070204440_G10,5,0,0.012728630337290736,0.3378082476011794
28070204790_H8,5,0,0.25738285474179606,0.06905646855903999
28070212050_H5,4,0,0.01520734900743025,0.01520734900743025
28070212100_H6,1,0,0.028666252157270807,0.05963914026816193
28070303590_F1,1,0,0.01784547652826944,0.012317736597234738
28070308970_D9,6,0,0.19762562547211612,0.040990598843705824
28070412030_E4,4,0,0.02208276131043283,0.02208276131043283
28070412030_E5,4,0,0.006673038858939108,0.006673038858939108
28070412030_E6,5,0,0.25216480961217747,0.9508138598910556
28070412030_E7,5,0,0.001582920609118222,0.015719317004377113
28070412030_G4,1,0,0.08164454781163409,0.027524974889610653
28070502420_F11,1,0,0.0073472022805303894,0.01632142416013452
28070510820_C10,2,0,0.0011340556196655944,2.2391445761309714e-06
28070515560_C11,1,0,0.037237217940967675,0.016391754683250093
28070515560_C12,1,0,0.023337469859931362,0.026186752884248928
28070603480_F6,1,0,0.009971254969994783,0.000949993224289004
28070604140_D11,6,0,0.002152438700027318,0.0019280839103878462
28070607570_F8,4,0,0.00032885415608991574,0.00032885415608991574
28070703380_D8,1,0,0.3323791877537543,0.17177542843923088
28070804250_D3,1,0,0.0067833162386212835,0.011149444564463857
28070804250_D4,6,0,0.007535013994744777,0.04503572093794604
28070804640_E11,2,0,0.012985055519730003,0.00023291337102521897
28070908780_D10,2,1,0.0372637719429697,0.00013614869582773403
28070909120_B2,5,0,0.030618141107237137,0.13401097800669545
28070910610_E1,1,0,0.001805898104884999,0.00019038098736011758
28071004650_E7,1,0,0.03699048745938773,0.07423900057298584
28071013390_H2,5,0,0.0031968665890501208,0.0016797819286604517
28071103620_C12,2,0,0.0032771877757279202,2.2392148493827167e-05
28071110910_E7,5,0,0.011094285473806375,0.039322858705635885
28071110910_E8,5,0,0.06055991721918186,0.02188312828729584
28071111720_D4,6,0,0.012990200941770705,0.00017233902006561375
28071203210_A8,5,0,0.0015142707154691684,0.3943156181551076
28071205820_C10,1,0,0.25649862387554206,0.8480899628654014
28071208730_C1,3,0,0.0008811435229056177,0.0001216773231527326
28071211050_B10,6,0,0.079148417522338,0.058768110266742765
28071211050_B8,6,0,0.08733871669342731,0.0022109460078202792
28071211050_B9,6,0,0.013953763060721979,0.007019159938767173
28071302170_A5,1,0,0.02450353064846963,0.010814760726290213
28071302170_A6,1,0,0.005018156490238481,0.00862191317503429
28071306200_E11,1,0,0.1532556371739226,0.05866523697074585
28071309060_A10,5,0,0.3026642177644115,0.07373193437020585
28071309510_F5,6,0,0.010825414662173533,0.003034329823220979
28071311390_B6,1,0,0.07525754117623511,0.04843547259197005
28071402930_B2,7,1,0.003868066059194685,0.003868066059194685
28071402930_E3,1,1,0.11526804894207603,0.03168028043813314
28071402930_E4,1,1,0.3062490238600513,0.11987393858301434
28071402930_E5,1,1,0.1901554293689863,0.03336939493991398
28071403390_C7,2,0,0.0009054427959689839,0.0001710680949029811
28071404870_C8,5,1,0.12854933516853428,0.05620389683491993
28071502420_C1,2,0,0.08386024863952773,0.00037974970976590005
28071603820_G7,1,0,0.07374737050689273,0.040857546815019616
28071607030_G3,1,0,0.001523313437459529,0.000220807845959311
28071607030_G4,6,0,0.005145260148169409,0.005226743760961537
28071611610_G9,1,0,0.009750749770918762,0.019045529448004344
28071611960_G11,1,0,0.0015186253000970098,0.011315876753086882
28071708940_C4,1,0,0.0005564326899392907,5.973349836094487e-05
28071709720_C6,1,0,0.03045758464657077,0.004015865636335598
28071711430_C9,5,0,0.544584343319367,0.028797679262519853
28071805770_F8,1,0,0.005745445436955097,0.0012769260596127245
28071808290_D3,1,0,0.10588019641872048,0.15423059167077668
28072007710_E12,5,0,0.029212181219251357,0.016270649639627193
28072010020_E7,5,0,0.04664389915995345,0.003271075403934134
28072307540_B9,6,0,0.2783536220701782,0.000181395461540472
28072308420_C2,7,0,0.013441351968584822,0.013441351968584822
28072308420_C4,1,0,0.0770218921348192,0.010753393520085407
28072312880_E2,2,0,0.000384596999557102,6.699635292793309e-06
28072312880_E3,2,0,0.00018621498603944845,9.095480845910061e-06
28072312880_G1,2,0,0.000491708921351091,1.9914525989433286e-05
28072401560_G4,1,0,0.006674133006298122,0.001445633896702002
28072401600_G5,1,0,0.002122200683824325,0.000636347562503472
28072401600_G6,1,0,0.027757371158431847,0.0176449545211027
28072408580_E3,2,0,0.003001560300111276,2.753486553149026e-05
28072408580_E4,4,0,0.0001449169078980996,0.0001449169078980996
28072409400_E10,1,0,0.039940609706076935,0.00679799621016369
28072503820_B5,2,1,0.014873635972186923,1.570954402508179e-05
28072507110_B8,1,0,0.007133115919256418,0.0012068664822342003
28072511770_G4,5,0,0.018182458955759432,0.2984264843415179
28072607150_D11,5,0,0.0004700907848560726,0.001971360768984402
28072607150_D12,2,0,0.00669056390081413,8.581690578986441e-06
28072611060_E10,6,0,0.0030787023919565384,0.0006188371249333766
28072611060_E9,6,0,0.017067276203192875,0.007775451794276762
28073047080_A5,1,0,0.0279566707458258,0.010712768828789602
28073047080_A6,1,0,0.06453048563292606,0.012738894085289778
28073048770_C7,1,0,0.1936915987584555,0.1920762870005189
28073102350_E7,7,0,0.012538470661627988,0.012538470661627988
28073105780_D1,1,0,0.35803147252546147,0.3254094784190537
28073107610_F11,1,0,0.06599124198885181,0.012640619918427007
28073110500_E8,5,0,0.013334914243606501,0.00958324570368103
28080103440_H10,1,0,0.02436280569973176,0.0032505930071614697
28080103440_H9,1,0,0.017537246049384732,0.005904028611528469
28080103470_D8,1,0,0.003984096902146308,0.0030668150422291126
28080103470_D9,1,0,0.005590684541884952,0.003788294975415845
28080104590_H11,1,0,0.26541677994298113,0.5697509541518534
28080208110_B11,7,0,0.0025619560044059892,0.0025619560044059892
28080208110_B12,7,0,0.017180042294277654,0.017180042294277654
28080210180_C3,1,0,0.04243590540427267,0.0061429453052657705
28080210180_C4,1,0,0.061647842933351474,0.06212134216534279
28080212780_C6,1,0,0.02112904955294739,0.033025309826601526
28080302560_D10,1,0,0.07617244136322669,0.0067160956685659075
28080402590_G5,7,0,0.0013458265327706052,0.0013458265327706052
28080403330_G1,1,0,0.38895702027985,0.34672199659546715
28080403330_A8,1,0,0.003905321365301483,0.0008786717868924697
28080405530_G7,7,0,0.006044281503065716,0.006044281503065716
28080605240_E1,1,0,0.025094523043860076,0.007467721154127736
28080608340_E3,1,1,0.02830184133235652,0.009387764450435753
28080608340_G7,1,1,0.24375968107864893,0.14740201322205762
28080609160_E6,3,0,0.004081642450206696,2.7059113530741973e-05
28080609560_E11,5,0,0.005199063754100332,0.22244584513355833
28080705340_E8,5,0,0.06727869640204813,0.04144760104446484
28080708980_H5,2,0,0.02293266784258104,0.00015791575144068039
28080807130_C1,5,0,0.0014134743424196836,0.00495171627682136
28080807130_C3,1,0,0.11296817134013508,0.04824347703366495
28080808110_F10,3,0,0.004728829314478102,0.00011059304866281991
28080808190_B3,7,0,0.00769956714676557,0.00769956714676557
28080808190_D7,1,0,0.11444915391634534,0.06521419929715067
28080809810_B9,2,1,0.07478973867287489,0.00023746014425599167
28080811020_B10,5,0,0.011323101147471157,0.03469882626454082
28080813520_C2,5,0,0.11067534810580339,0.0008011957900057035
28080903800_D1,2,1,0.012420432810600303,0.0006341884831004238
28080903800_A3,2,1,0.03128687946392985,2.5877750812717764e-05
28080904460_C7,1,0,0.010478022991157115,0.005442728132254999
28080910260_F4,6,0,0.012124162022015687,0.00025378435185632447
28080910540_C8,1,0,0.008675747081166923,0.0031885687721352786
28081003240_A12,4,0,0.02368551347260217,0.02368551347260217
28081003350_E5,1,0,0.009804541085422587,0.0024334843472910415
28081007830_H9,5,0,0.02490404199356087,0.001339476721986744
28081009480_E9,1,0,0.003039662160391409,0.00031795226237186857
28081101690_C5,1,0,0.03603247209367891,0.01938314158526649
28081202660_B7,1,0,0.12363507436500978,0.14219064016760175
28081202660_B8,1,0,0.01734466517926,0.013775059448510886
28081307880_D6,5,0,0.005706231001985755,0.22640887399487472
28081309860_E4,5,0,0.015715278682226302,0.025315091077853107
28081309920_E7,7,0,0.0012092085125791777,0.0012092085125791777
28081310280_E10,2,0,0.03928834131807192,0.00026851958801348355
28081404600_F3,5,0,0.0015754822666192423,0.005189976412965156
28081410140_A12,1,0,0.0746572686704067,0.08395118960272148
28081410320_F9,5,0,0.09529459985170788,0.014138622250819789
28081410470_G5,5,0,0.008028462926445585,0.012745572505524968
28081410470_G7,6,0,0.0165682492690898,0.0020533986174117408
28081410500_G10,5,0,0.024889839012793482,0.31658444056162754
28081508380_C5,1,0,0.09137553542424469,0.010252026663369058
28081510940_G6,0,0,0.0035323271984569185,0.0035323271984569185
28081707670_D10,3,0,0.12111243344853395,0.003127142717270803
28081711840_B2,1,0,0.027086631150866482,0.04497499140580768
28081805150_G11,3,0,0.004705628304841599,0.0006135806695969463
28082009880_E10,6,0,0.014727317586504932,0.007106254152389806
28082010050_E12,6,0,0.08667022609577674,0.029323062674616037
28082010990_D1,1,0,0.010697549477578892,0.002911564481612497
28082011430_B4,1,0,0.02198985584953856,0.014092792008298174
28082012840_B1,7,0,0.002052862883126963,0.002052862883126963
28082105420_E2,2,0,0.00027980884996982455,5.192630020280136e-06
28082105500_D1,1,0,0.011963308164835337,0.000759938892678344
28082105520_C12,5,0,0.005814953006630567,0.030375735673936588
28082108280_C10,3,0,0.004391988306454479,0.00020666101158318473
28082108530_F4,5,0,0.001587995969279512,0.0006418979174744792
28082201970_B7,1,0,0.013046984286184038,0.06176842016581194
28082202390_B8,7,0,0.0008680762726407822,0.0008680762726407822
28082203320_A1,4,0,0.003952424254431927,0.003952424254431927
28082203320_A2,4,0,0.013117732169650224,0.013117732169650224
28082203320_A3,3,0,0.0022084884393675517,4.554126022436015e-05
28082209010_D1,4,0,0.005934718346346344,0.005934718346346344
28082212120_B2,5,0,0.07779352776475276,0.005446323167271394
28082212240_B5,1,0,0.0011428719481336234,0.00047299391202483646
28082309940_E11,7,0,0.000716349403842687,0.000716349403842687
28082311250_D2,5,0,0.0017220490054925984,0.003474532686463218
28082403320_B12,1,0,0.1708821736895999,0.003725347802571213
28082408660_C1,1,1,0.014755116870692066,0.004676170153085035
28082503360_F3,3,0,0.012017265247188763,9.794680277313257e-05
28082708670_D2,1,0,0.20131323638242826,0.3359209337298941
28082809920_D4,1,0,0.15374607823028602,0.0472265699281888
28082812040_E8,6,0,0.0037540709933978193,0.0006357594611593375
28082905070_F7,2,1,0.08394878173861464,0.00042922989950779566
28082905170_E10,1,0,0.11205476865371068,0.021451479582376365
28082905370_F11,3,0,0.027606857425580864,0.005547337394201456
28082905370_A2,3,0,0.0057981062982010835,0.0002597212800920272
28082907160_C5,2,0,0.00024985460358612296,2.8688744868101793e-05
28082907410_C8,1,0,0.17068055889889253,0.2082251069492426
28082908310_E5,1,0,0.013428795224167848,0.007921641580895875
28083004670_G10,2,0,0.028573194779133677,0.00047429322343634737
28083006420_H2,2,0,0.004039739923955815,1.594409861677656e-05
28083006420_H3,2,0,0.0006333051840639376,2.232228184460268e-05
28083007510_H5,5,0,0.00125863249577617,0.001045003095190688
28083007510_H6,5,0,0.0008492460739412807,0.004923232463604386
28083007510_H7,5,0,0.0025792543601159752,0.025933138978733256
28083009590_G2,2,0,0.0019245315404213213,2.8607006603652096e-05
28083010580_G6,1,0,0.129017140531438,0.13087988393660677
