site,species,drug,n,n_direncli,direnc_orani,n_tur_toplam,eksiklik_orani
DRIAMS-A,Escherichia coli,Ceftriaxone,4961,1086.0,0.21890747833098165,7320,0.3222677595628415
DRIAMS-A,Escherichia coli,Ciprofloxacin,4911,1466.0,0.29851354103034006,7320,0.3290983606557377
DRIAMS-A,Escherichia coli,Cefepime,4890,839.0,0.17157464212678936,7320,0.3319672131147541
DRIAMS-A,Escherichia coli,Cotrimoxazole,4888,1595.0,0.3263093289689034,7320,0.33224043715846996
DRIAMS-A,Escherichia coli,Tobramycin,4876,636.0,0.13043478260869565,7320,0.333879781420765
DRIAMS-A,Escherichia coli,Ampicillin-Amoxicillin,4866,2913.0,0.5986436498150431,7320,0.3352459016393443
DRIAMS-A,Escherichia coli,Amikacin,4858,331.0,0.06813503499382462,7320,0.3363387978142076
DRIAMS-A,Escherichia coli,Levofloxacin,4858,1443.0,0.29703581720872785,7320,0.3363387978142076
DRIAMS-A,Escherichia coli,Amoxicillin-Clavulanic acid,4826,1177.0,0.24388727724823872,7320,0.34071038251366115
DRIAMS-A,Escherichia coli,Ceftazidime,4822,871.0,0.18063044379925342,7320,0.3412568306010929
DRIAMS-A,Escherichia coli,Piperacillin-Tazobactam,4799,350.0,0.07293186080433424,7320,0.34439890710382515
DRIAMS-A,Staphylococcus epidermidis,Rifampicin,4758,436.0,0.09163514081546868,9387,0.49312879514221797
DRIAMS-A,Staphylococcus epidermidis,Ciprofloxacin,4679,2687.0,0.5742680059841847,9387,0.5015446894641525
DRIAMS-A,Staphylococcus epidermidis,Oxacillin,4664,3324.0,0.7126929674099486,9387,0.5031426440822414
DRIAMS-A,Staphylococcus epidermidis,Fusidic acid,4589,2407.0,0.5245151449117454,9387,0.5111324171726856
DRIAMS-A,Staphylococcus epidermidis,Cotrimoxazole,4545,1565.0,0.34433443344334436,9387,0.5158197507190796
DRIAMS-A,Staphylococcus epidermidis,Amoxicillin-Clavulanic acid,4262,3006.0,0.7053026748005631,9387,0.5459678278470225
DRIAMS-A,Staphylococcus epidermidis,Cefazolin,4261,3006.0,0.7054681999530626,9387,0.546074358154895
DRIAMS-A,Staphylococcus epidermidis,Cefepime,4261,3006.0,0.7054681999530626,9387,0.546074358154895
DRIAMS-A,Staphylococcus epidermidis,Ceftriaxone,4261,3006.0,0.7054681999530626,9387,0.546074358154895
DRIAMS-A,Staphylococcus epidermidis,Cefuroxime,4261,3006.0,0.7054681999530626,9387,0.546074358154895
DRIAMS-A,Staphylococcus epidermidis,Imipenem,4261,3006.0,0.7054681999530626,9387,0.546074358154895
DRIAMS-A,Staphylococcus epidermidis,Meropenem,4261,3006.0,0.7054681999530626,9387,0.546074358154895
DRIAMS-A,Staphylococcus epidermidis,Piperacillin-Tazobactam,4261,3006.0,0.7054681999530626,9387,0.546074358154895
DRIAMS-A,Staphylococcus epidermidis,Erythromycin,4232,2591.0,0.6122400756143668,9387,0.5491637370832001
DRIAMS-A,Staphylococcus epidermidis,Gentamicin,4221,1863.0,0.44136460554371004,9387,0.5503355704697986
DRIAMS-A,Staphylococcus epidermidis,Clindamycin,4192,2125.0,0.5069179389312977,9387,0.5534249493981038
DRIAMS-A,Staphylococcus epidermidis,Tetracycline,4132,2329.0,0.563649564375605,9387,0.5598167678704591
DRIAMS-A,Staphylococcus aureus,Oxacillin,3790,726.0,0.19155672823218997,6994,0.4581069488132685
DRIAMS-A,Staphylococcus aureus,Fusidic acid,3766,253.0,0.06718003186404674,6994,0.46153846153846156
DRIAMS-A,Staphylococcus aureus,Ciprofloxacin,3757,616.0,0.16396060686718125,6994,0.4628252788104089
DRIAMS-A,Staphylococcus aureus,Meropenem,3643,712.0,0.19544331594839418,6994,0.4791249642550758
DRIAMS-A,Staphylococcus aureus,Amoxicillin-Clavulanic acid,3640,712.0,0.1956043956043956,6994,0.4795539033457249
DRIAMS-A,Staphylococcus aureus,Cefazolin,3640,712.0,0.1956043956043956,6994,0.4795539033457249
DRIAMS-A,Staphylococcus aureus,Cefepime,3640,712.0,0.1956043956043956,6994,0.4795539033457249
DRIAMS-A,Staphylococcus aureus,Ceftriaxone,3640,712.0,0.1956043956043956,6994,0.4795539033457249
DRIAMS-A,Staphylococcus aureus,Cefuroxime,3640,712.0,0.1956043956043956,6994,0.4795539033457249
DRIAMS-A,Staphylococcus aureus,Imipenem,3640,712.0,0.1956043956043956,6994,0.4795539033457249
DRIAMS-A,Staphylococcus aureus,Piperacillin-Tazobactam,3640,712.0,0.1956043956043956,6994,0.4795539033457249
DRIAMS-A,Staphylococcus aureus,Tetracycline,3609,272.0,0.07536713771127736,6994,0.4839862739490992
DRIAMS-A,Staphylococcus aureus,Erythromycin,3598,650.0,0.18065591995553085,6994,0.48555905061481275
DRIAMS-A,Staphylococcus aureus,Clindamycin,3575,519.0,0.14517482517482516,6994,0.48884758364312264
DRIAMS-A,Staphylococcus aureus,Ampicillin-Amoxicillin,3556,2614.0,0.7350956130483689,6994,0.4915641978839005
DRIAMS-A,Staphylococcus aureus,Penicillin,3553,2611.0,0.7348719392063046,6994,0.4919931369745496
DRIAMS-A,Pseudomonas aeruginosa,Tobramycin,3231,250.0,0.0773754255648406,4852,0.33408903544929924
DRIAMS-A,Pseudomonas aeruginosa,Meropenem,3183,503.0,0.15802701853597234,4852,0.34398186314921686
DRIAMS-A,Pseudomonas aeruginosa,Ciprofloxacin,3153,645.0,0.20456707897240722,4852,0.3501648804616653
DRIAMS-A,Pseudomonas aeruginosa,Piperacillin-Tazobactam,3152,598.0,0.18972081218274112,4852,0.35037098103874686
DRIAMS-A,Pseudomonas aeruginosa,Cefepime,3088,550.0,0.17810880829015543,4852,0.3635614179719703
DRIAMS-A,Klebsiella pneumoniae,Ceftriaxone,2860,449.0,0.156993006993007,3921,0.27059423616424383
DRIAMS-A,Klebsiella pneumoniae,Cotrimoxazole,2854,606.0,0.212333566923616,3921,0.2721244580464167
DRIAMS-A,Klebsiella pneumoniae,Tobramycin,2846,319.0,0.11208713984539705,3921,0.27416475388931394
DRIAMS-A,Klebsiella pneumoniae,Amoxicillin-Clavulanic acid,2840,537.0,0.18908450704225352,3921,0.2756949757714868
DRIAMS-A,Klebsiella pneumoniae,Cefepime,2839,362.0,0.12750968650933428,3921,0.27595001275184905
DRIAMS-A,Klebsiella pneumoniae,Ciprofloxacin,2838,513.0,0.18076109936575052,3921,0.27620504973221116
DRIAMS-A,Klebsiella pneumoniae,Ceftazidime,2832,430.0,0.1518361581920904,3921,0.27773527161438405
DRIAMS-A,Klebsiella pneumoniae,Levofloxacin,2830,509.0,0.17985865724381625,3921,0.2782453455751084
DRIAMS-A,Klebsiella pneumoniae,Piperacillin-Tazobactam,2759,404.0,0.14642986589343965,3921,0.29635297118082127
DRIAMS-A,Pseudomonas aeruginosa,Ceftazidime,2459,232.0,0.09434729564863766,4852,0.4931986809563067
DRIAMS-A,Pseudomonas aeruginosa,Imipenem,2377,339.0,0.1426167437946992,4852,0.5100989282769992
DRIAMS-A,Pseudomonas aeruginosa,Amikacin,2372,164.0,0.06913996627318718,4852,0.5111294311624073
DRIAMS-A,Pseudomonas aeruginosa,Levofloxacin,2356,325.0,0.13794567062818336,4852,0.5144270403957132
DRIAMS-A,Escherichia coli,Cefpodoxime,2075,874.0,0.42120481927710846,7320,0.7165300546448088
DRIAMS-A,Klebsiella pneumoniae,Cefpodoxime,1826,236.0,0.12924424972617743,3921,0.5343024738587094
DRIAMS-A,Klebsiella pneumoniae,Norfloxacin,1814,285.0,0.15711135611907387,3921,0.5373629176230553
DRIAMS-A,Klebsiella pneumoniae,Fosfomycin-Trometamol,1809,461.0,0.25483692647871753,3921,0.5386381025248661
DRIAMS-A,Escherichia coli,Norfloxacin,1488,390.0,0.2620967741935484,7320,0.7967213114754098
DRIAMS-A,Enterobacter cloacae,Ciprofloxacin,1265,71.0,0.05612648221343874,1987,0.36336185203824867
DRIAMS-A,Enterobacter cloacae,Cotrimoxazole,1257,102.0,0.081145584725537,1987,0.3673880221439356
DRIAMS-A,Enterobacter cloacae,Levofloxacin,1256,71.0,0.05652866242038217,1987,0.36789129340714644
DRIAMS-A,Enterobacter cloacae,Ceftriaxone,1249,366.0,0.2930344275420336,1987,0.3714141922496226
DRIAMS-A,Enterobacter cloacae,Ertapenem,1249,116.0,0.09287429943955164,1987,0.3714141922496226
DRIAMS-A,Enterobacter cloacae,Cefepime,1241,154.0,0.12409347300564061,1987,0.37544036235530953
DRIAMS-A,Enterobacter cloacae,Ceftazidime,1234,352.0,0.2852512155591572,1987,0.37896326119778556
DRIAMS-A,Enterobacter cloacae,Piperacillin-Tazobactam,1223,312.0,0.25511038430089944,1987,0.3844992450931052
DRIAMS-A,Enterococcus faecium,Vancomycin,1183,96.0,0.08114961961115807,1751,0.32438606510565393
DRIAMS-A,Enterococcus faecium,Imipenem,1164,1098.0,0.9432989690721649,1751,0.33523700742432894
DRIAMS-A,Enterococcus faecium,Levofloxacin,1133,920.0,0.8120035304501324,1751,0.3529411764705882
DRIAMS-A,Enterococcus faecium,Ampicillin-Amoxicillin,1112,1052.0,0.9460431654676259,1751,0.36493432324386066
DRIAMS-A,Proteus mirabilis,Cotrimoxazole,915,266.0,0.2907103825136612,2094,0.5630372492836676
DRIAMS-A,Proteus mirabilis,Amoxicillin-Clavulanic acid,913,76.0,0.0832420591456736,2094,0.563992359121299
DRIAMS-A,Proteus mirabilis,Ciprofloxacin,913,114.0,0.1248630887185104,2094,0.563992359121299
DRIAMS-A,Proteus mirabilis,Ampicillin-Amoxicillin,912,255.0,0.27960526315789475,2094,0.5644699140401146
DRIAMS-A,Proteus mirabilis,Tobramycin,912,70.0,0.07675438596491228,2094,0.5644699140401146
DRIAMS-A,Proteus mirabilis,Levofloxacin,908,113.0,0.12444933920704845,2094,0.5663801337153773
DRIAMS-A,Serratia marcescens,Amikacin,857,171.0,0.19953325554259044,1219,0.2969647251845775
DRIAMS-A,Serratia marcescens,Tobramycin,855,169.0,0.1976608187134503,1219,0.2986054142739951
DRIAMS-A,Proteus mirabilis,Imipenem,778,567.0,0.7287917737789203,2094,0.6284622731614136
DRIAMS-A,Enterococcus faecalis,Levofloxacin,770,75.0,0.09740259740259741,4418,0.82571299230421
DRIAMS-A,Pseudomonas aeruginosa,Aztreonam,763,551.0,0.7221494102228048,4852,0.8427452596867271
DRIAMS-A,Klebsiella oxytoca,Ceftriaxone,714,50.0,0.0700280112044818,1088,0.34375
DRIAMS-A,Klebsiella oxytoca,Amoxicillin-Clavulanic acid,713,76.0,0.10659186535764376,1088,0.3446691176470589
DRIAMS-A,Staphylococcus hominis,Cotrimoxazole,707,40.0,0.056577086280056574,1313,0.46153846153846156
DRIAMS-A,Staphylococcus hominis,Ciprofloxacin,700,91.0,0.13,1313,0.4668697638994669
DRIAMS-A,Klebsiella oxytoca,Piperacillin-Tazobactam,692,61.0,0.08815028901734104,1088,0.36397058823529416
DRIAMS-A,Staphylococcus hominis,Fusidic acid,692,345.0,0.4985549132947977,1313,0.47296268088347293
DRIAMS-A,Staphylococcus hominis,Clindamycin,685,194.0,0.2832116788321168,1313,0.47829398324447825
DRIAMS-A,Staphylococcus hominis,Erythromycin,685,387.0,0.564963503649635,1313,0.47829398324447825
DRIAMS-A,Staphylococcus hominis,Oxacillin,685,225.0,0.3284671532846715,1313,0.47829398324447825
DRIAMS-A,Staphylococcus hominis,Gentamicin,683,66.0,0.09663250366032211,1313,0.4798172124904798
DRIAMS-A,Staphylococcus hominis,Tetracycline,670,228.0,0.3402985074626866,1313,0.4897182025894897
DRIAMS-A,Staphylococcus hominis,Amoxicillin-Clavulanic acid,668,223.0,0.3338323353293413,1313,0.4912414318354913
DRIAMS-A,Staphylococcus hominis,Cefazolin,668,223.0,0.3338323353293413,1313,0.4912414318354913
DRIAMS-A,Staphylococcus hominis,Cefepime,668,223.0,0.3338323353293413,1313,0.4912414318354913
DRIAMS-A,Staphylococcus hominis,Ceftriaxone,668,223.0,0.3338323353293413,1313,0.4912414318354913
DRIAMS-A,Staphylococcus hominis,Cefuroxime,668,223.0,0.3338323353293413,1313,0.4912414318354913
DRIAMS-A,Staphylococcus hominis,Imipenem,668,223.0,0.3338323353293413,1313,0.4912414318354913
DRIAMS-A,Staphylococcus hominis,Meropenem,668,223.0,0.3338323353293413,1313,0.4912414318354913
DRIAMS-A,Staphylococcus hominis,Piperacillin-Tazobactam,668,223.0,0.3338323353293413,1313,0.4912414318354913
DRIAMS-A,Staphylococcus epidermidis,Teicoplanin,488,118.0,0.24180327868852458,9387,0.9480132097581762
DRIAMS-A,Proteus mirabilis,Fosfomycin-Trometamol,465,88.0,0.18924731182795698,2094,0.7779369627507163
DRIAMS-A,Enterococcus faecium,Nitrofurantoin,464,358.0,0.771551724137931,1751,0.7350085665334094
DRIAMS-A,Proteus mirabilis,Norfloxacin,461,71.0,0.1540130151843818,2094,0.779847182425979
DRIAMS-A,Enterobacter cloacae,Fosfomycin-Trometamol,443,242.0,0.54627539503386,1987,0.7770508303975843
DRIAMS-A,Enterobacter cloacae,Norfloxacin,443,42.0,0.09480812641083522,1987,0.7770508303975843
DRIAMS-A,Citrobacter freundii,Cotrimoxazole,406,30.0,0.07389162561576355,980,0.5857142857142856
DRIAMS-A,Citrobacter freundii,Ceftriaxone,404,133.0,0.3292079207920792,980,0.5877551020408163
DRIAMS-A,Citrobacter freundii,Amikacin,395,24.0,0.060759493670886074,980,0.596938775510204
DRIAMS-A,Citrobacter freundii,Tobramycin,395,30.0,0.0759493670886076,980,0.596938775510204
DRIAMS-A,Citrobacter freundii,Ceftazidime,390,122.0,0.3128205128205128,980,0.6020408163265306
DRIAMS-A,Citrobacter freundii,Piperacillin-Tazobactam,390,121.0,0.31025641025641026,980,0.6020408163265306
DRIAMS-A,Staphylococcus capitis,Ciprofloxacin,365,21.0,0.057534246575342465,794,0.5403022670025188
DRIAMS-A,Staphylococcus capitis,Fusidic acid,365,46.0,0.12602739726027398,794,0.5403022670025188
DRIAMS-A,Staphylococcus capitis,Oxacillin,365,73.0,0.2,794,0.5403022670025188
DRIAMS-A,Haemophilus influenzae,Penicillin,360,141.0,0.39166666666666666,779,0.5378690629011553
DRIAMS-A,Klebsiella variicola,Fosfomycin-Trometamol,356,76.0,0.21348314606741572,763,0.5334207077326343
DRIAMS-A,Morganella morganii,Ciprofloxacin,349,32.0,0.09169054441260745,1092,0.6804029304029304
DRIAMS-A,Morganella morganii,Cotrimoxazole,348,37.0,0.10632183908045977,1092,0.6813186813186813
DRIAMS-A,Haemophilus influenzae,Cefuroxime,347,159.0,0.45821325648414984,779,0.5545571245186136
DRIAMS-A,Morganella morganii,Ceftriaxone,347,54.0,0.15561959654178675,1092,0.6822344322344323
DRIAMS-A,Morganella morganii,Amikacin,345,19.0,0.05507246376811594,1092,0.6840659340659341
DRIAMS-A,Morganella morganii,Ceftazidime,345,60.0,0.17391304347826086,1092,0.6840659340659341
DRIAMS-A,Morganella morganii,Tobramycin,345,24.0,0.06956521739130435,1092,0.6840659340659341
DRIAMS-A,Morganella morganii,Levofloxacin,343,30.0,0.08746355685131195,1092,0.6858974358974359
DRIAMS-A,Klebsiella oxytoca,Cefpodoxime,328,24.0,0.07317073170731707,1088,0.6985294117647058
DRIAMS-A,Staphylococcus capitis,Erythromycin,328,36.0,0.10975609756097561,794,0.5869017632241813
DRIAMS-A,Klebsiella oxytoca,Fosfomycin-Trometamol,325,102.0,0.31384615384615383,1088,0.7012867647058824
DRIAMS-A,Staphylococcus capitis,Amoxicillin-Clavulanic acid,322,60.0,0.18633540372670807,794,0.5944584382871536
DRIAMS-A,Staphylococcus capitis,Cefazolin,322,60.0,0.18633540372670807,794,0.5944584382871536
DRIAMS-A,Staphylococcus capitis,Cefepime,322,60.0,0.18633540372670807,794,0.5944584382871536
DRIAMS-A,Staphylococcus capitis,Ceftriaxone,322,60.0,0.18633540372670807,794,0.5944584382871536
DRIAMS-A,Staphylococcus capitis,Cefuroxime,322,60.0,0.18633540372670807,794,0.5944584382871536
DRIAMS-A,Staphylococcus capitis,Imipenem,322,60.0,0.18633540372670807,794,0.5944584382871536
DRIAMS-A,Staphylococcus capitis,Meropenem,322,60.0,0.18633540372670807,794,0.5944584382871536
DRIAMS-A,Staphylococcus capitis,Piperacillin-Tazobactam,322,60.0,0.18633540372670807,794,0.5944584382871536
DRIAMS-A,Proteus vulgaris,Cotrimoxazole,321,24.0,0.07476635514018691,493,0.34888438133874244
DRIAMS-A,Proteus vulgaris,Amoxicillin-Clavulanic acid,320,24.0,0.075,493,0.3509127789046653
DRIAMS-A,Staphylococcus capitis,Gentamicin,319,21.0,0.06583072100313479,794,0.5982367758186398
DRIAMS-A,Staphylococcus capitis,Clindamycin,318,41.0,0.1289308176100629,794,0.5994962216624685
DRIAMS-A,Staphylococcus capitis,Tetracycline,318,45.0,0.14150943396226415,794,0.5994962216624685
DRIAMS-A,Staphylococcus lugdunensis,Clindamycin,305,41.0,0.13442622950819672,626,0.5127795527156549
DRIAMS-A,Staphylococcus lugdunensis,Penicillin,303,118.0,0.38943894389438943,626,0.5159744408945687
DRIAMS-A,Campylobacter jejuni,Ciprofloxacin,299,159.0,0.5317725752508361,378,0.20899470899470896
DRIAMS-A,Staphylococcus lugdunensis,Erythromycin,298,33.0,0.11073825503355705,626,0.523961661341853
DRIAMS-A,Staphylococcus lugdunensis,Ampicillin-Amoxicillin,297,118.0,0.39730639730639733,626,0.5255591054313099
DRIAMS-A,Staphylococcus lugdunensis,Tetracycline,297,15.0,0.050505050505050504,626,0.5255591054313099
DRIAMS-A,Morganella morganii,Imipenem,294,199.0,0.6768707482993197,1092,0.7307692307692308
DRIAMS-A,Candida albicans,Caspofungin,292,17.0,0.05821917808219178,2481,0.8823055219669488
DRIAMS-A,Candida albicans,Micafungin,290,24.0,0.08275862068965517,2481,0.8831116485288191
DRIAMS-A,Candida albicans,Anidulafungin,287,75.0,0.2613240418118467,2481,0.8843208383716243
DRIAMS-A,Candida albicans,Itraconazole,283,39.0,0.13780918727915195,2481,0.8859330914953648
DRIAMS-A,Citrobacter koseri,Cefpodoxime,281,44.0,0.15658362989323843,680,0.586764705882353
DRIAMS-A,Enterococcus faecium,Gentamicin_high_level,273,86.0,0.315018315018315,1751,0.8440890919474586
DRIAMS-A,Streptococcus pneumoniae,Penicillin_with_other_infections,256,44.0,0.171875,426,0.39906103286384975
DRIAMS-A,Streptococcus pneumoniae,Clarithromycin,255,44.0,0.17254901960784313,426,0.4014084507042254
DRIAMS-A,Streptococcus pneumoniae,Penicillin_with_meningitis,255,50.0,0.19607843137254902,426,0.4014084507042254
DRIAMS-A,Proteus vulgaris,Imipenem,241,208.0,0.8630705394190872,493,0.511156186612576
DRIAMS-A,Streptococcus pneumoniae,Oxacillin,236,50.0,0.211864406779661,426,0.4460093896713615
DRIAMS-A,Staphylococcus haemolyticus,Ciprofloxacin,234,142.0,0.6068376068376068,1145,0.7956331877729258
DRIAMS-A,Staphylococcus haemolyticus,Erythromycin,231,177.0,0.7662337662337663,1145,0.7982532751091703
DRIAMS-A,Staphylococcus haemolyticus,Rifampicin,231,18.0,0.07792207792207792,1145,0.7982532751091703
DRIAMS-A,Staphylococcus haemolyticus,Cotrimoxazole,230,118.0,0.5130434782608696,1145,0.7991266375545851
DRIAMS-A,Staphylococcus haemolyticus,Fusidic acid,230,55.0,0.2391304347826087,1145,0.7991266375545851
DRIAMS-A,Staphylococcus haemolyticus,Oxacillin,229,156.0,0.6812227074235808,1145,0.8
DRIAMS-A,Staphylococcus haemolyticus,Clindamycin,226,126.0,0.5575221238938053,1145,0.8026200873362446
DRIAMS-A,Staphylococcus haemolyticus,Tetracycline,226,91.0,0.4026548672566372,1145,0.8026200873362446
DRIAMS-A,Staphylococcus haemolyticus,Amoxicillin-Clavulanic acid,225,151.0,0.6711111111111111,1145,0.8034934497816594
DRIAMS-A,Staphylococcus haemolyticus,Cefazolin,225,151.0,0.6711111111111111,1145,0.8034934497816594
DRIAMS-A,Staphylococcus haemolyticus,Cefepime,225,151.0,0.6711111111111111,1145,0.8034934497816594
DRIAMS-A,Staphylococcus haemolyticus,Ceftriaxone,225,151.0,0.6711111111111111,1145,0.8034934497816594
DRIAMS-A,Staphylococcus haemolyticus,Cefuroxime,225,151.0,0.6711111111111111,1145,0.8034934497816594
DRIAMS-A,Staphylococcus haemolyticus,Imipenem,225,151.0,0.6711111111111111,1145,0.8034934497816594
DRIAMS-A,Staphylococcus haemolyticus,Meropenem,225,151.0,0.6711111111111111,1145,0.8034934497816594
DRIAMS-A,Staphylococcus haemolyticus,Piperacillin-Tazobactam,225,151.0,0.6711111111111111,1145,0.8034934497816594
DRIAMS-A,Staphylococcus haemolyticus,Teicoplanin,222,48.0,0.21621621621621623,1145,0.8061135371179039
DRIAMS-A,Staphylococcus haemolyticus,Gentamicin,217,132.0,0.6082949308755761,1145,0.8104803493449781
DRIAMS-A,Streptococcus oralis,Penicillin,201,16.0,0.07960199004975124,929,0.7836383207750269
DRIAMS-A,Citrobacter freundii,Norfloxacin,197,11.0,0.05583756345177665,980,0.7989795918367347
DRIAMS-A,Candida glabrata,Anidulafungin,173,9.0,0.05202312138728324,842,0.7945368171021377
DRIAMS-A,Candida glabrata,Itraconazole,172,155.0,0.9011627906976745,842,0.7957244655581948
DRIAMS-A,Streptococcus pyogenes,Clindamycin,162,14.0,0.08641975308641975,883,0.8165345413363534
DRIAMS-A,Streptococcus agalactiae,Clindamycin,156,51.0,0.3269230769230769,2714,0.9425202652910832
DRIAMS-A,Enterococcus faecalis,Gentamicin_high_level,152,12.0,0.07894736842105263,4418,0.9655952919873246
DRIAMS-A,Proteus vulgaris,Cefpodoxime,140,11.0,0.07857142857142857,493,0.7160243407707911
DRIAMS-A,Proteus vulgaris,Fosfomycin-Trometamol,140,10.0,0.07142857142857142,493,0.7160243407707911
DRIAMS-A,Streptococcus agalactiae,Levofloxacin,138,44.0,0.3188405797101449,2714,0.9491525423728814
DRIAMS-A,Corynebacterium tuberculostearicum,Ciprofloxacin,133,109.0,0.8195488721804511,578,0.7698961937716263
DRIAMS-A,Streptococcus dysgalactiae,Clindamycin,133,15.0,0.11278195488721804,585,0.7726495726495727
DRIAMS-A,Staphylococcus saprophyticus,Tetracycline,131,8.0,0.061068702290076333,150,0.1266666666666667
DRIAMS-A,Corynebacterium tuberculostearicum,Penicillin,130,100.0,0.7692307692307693,578,0.7750865051903114
DRIAMS-A,Staphylococcus saprophyticus,Erythromycin,130,56.0,0.4307692307692308,150,0.1333333333333333
DRIAMS-A,Staphylococcus saprophyticus,Clindamycin,129,16.0,0.12403100775193798,150,0.14
DRIAMS-A,Corynebacterium tuberculostearicum,Ceftriaxone,128,97.0,0.7578125,578,0.7785467128027681
DRIAMS-A,Serratia marcescens,Fosfomycin-Trometamol,126,25.0,0.1984126984126984,1219,0.896636587366694
DRIAMS-A,Streptococcus mitis,Penicillin,125,26.0,0.208,666,0.8123123123123124
DRIAMS-A,Corynebacterium tuberculostearicum,Meropenem,122,84.0,0.6885245901639344,578,0.7889273356401384
DRIAMS-A,Morganella morganii,Norfloxacin,122,15.0,0.12295081967213115,1092,0.8882783882783882
DRIAMS-A,Corynebacterium tuberculostearicum,Erythromycin,119,113.0,0.9495798319327731,578,0.7941176470588236
DRIAMS-A,Enterobacter asburiae,Ceftazidime,115,39.0,0.3391304347826087,204,0.4362745098039216
DRIAMS-A,Enterobacter asburiae,Ceftriaxone,115,43.0,0.3739130434782609,204,0.4362745098039216
DRIAMS-A,Enterobacter asburiae,Ciprofloxacin,115,7.0,0.06086956521739131,204,0.4362745098039216
DRIAMS-A,Achromobacter xylosoxidans,Cotrimoxazole,114,16.0,0.14035087719298245,174,0.3448275862068966
DRIAMS-A,Achromobacter xylosoxidans,Meropenem,114,32.0,0.2807017543859649,174,0.3448275862068966
DRIAMS-A,Achromobacter xylosoxidans,Piperacillin-Tazobactam,114,6.0,0.05263157894736842,174,0.3448275862068966
DRIAMS-A,Enterobacter asburiae,Ertapenem,114,9.0,0.07894736842105263,204,0.4411764705882353
DRIAMS-A,Enterobacter asburiae,Imipenem,114,6.0,0.05263157894736842,204,0.4411764705882353
DRIAMS-A,Enterobacter asburiae,Levofloxacin,114,7.0,0.06140350877192982,204,0.4411764705882353
DRIAMS-A,Enterobacter asburiae,Piperacillin-Tazobactam,114,41.0,0.35964912280701755,204,0.4411764705882353
DRIAMS-A,Achromobacter xylosoxidans,Ciprofloxacin,112,103.0,0.9196428571428571,174,0.3563218390804598
DRIAMS-A,Enterobacter asburiae,Colistin,112,15.0,0.13392857142857142,204,0.4509803921568627
DRIAMS-A,Micrococcus luteus,Clindamycin,112,17.0,0.15178571428571427,225,0.5022222222222222
DRIAMS-A,MIX!Klebsiella pneumoniae,Amoxicillin-Clavulanic acid,111,29.0,0.26126126126126126,162,0.31481481481481477
DRIAMS-A,MIX!Klebsiella pneumoniae,Cefepime,111,25.0,0.22522522522522523,162,0.31481481481481477
DRIAMS-A,MIX!Klebsiella pneumoniae,Ceftriaxone,111,25.0,0.22522522522522523,162,0.31481481481481477
DRIAMS-A,MIX!Klebsiella pneumoniae,Ciprofloxacin,111,20.0,0.18018018018018017,162,0.31481481481481477
DRIAMS-A,MIX!Klebsiella pneumoniae,Cotrimoxazole,111,26.0,0.23423423423423423,162,0.31481481481481477
DRIAMS-A,Micrococcus luteus,Erythromycin,111,45.0,0.40540540540540543,225,0.5066666666666666
DRIAMS-A,MIX!Klebsiella pneumoniae,Levofloxacin,109,20.0,0.1834862385321101,162,0.3271604938271605
DRIAMS-A,MIX!Klebsiella pneumoniae,Tobramycin,109,18.0,0.1651376146788991,162,0.3271604938271605
DRIAMS-A,MIX!Klebsiella pneumoniae,Amikacin,108,7.0,0.06481481481481481,162,0.33333333333333337
DRIAMS-A,Corynebacterium tuberculostearicum,Gentamicin,107,26.0,0.24299065420560748,578,0.814878892733564
DRIAMS-A,Enterobacter aerogenes,Ceftazidime,107,34.0,0.3177570093457944,660,0.8378787878787879
DRIAMS-A,Enterobacter aerogenes,Ceftriaxone,107,37.0,0.34579439252336447,660,0.8378787878787879
DRIAMS-A,Enterobacter aerogenes,Piperacillin-Tazobactam,107,40.0,0.37383177570093457,660,0.8378787878787879
DRIAMS-A,MIX!Klebsiella pneumoniae,Ceftazidime,107,22.0,0.205607476635514,162,0.3395061728395061
DRIAMS-A,Micrococcus luteus,Penicillin,105,18.0,0.17142857142857143,225,0.5333333333333333
DRIAMS-A,MIX!Klebsiella pneumoniae,Piperacillin-Tazobactam,103,21.0,0.20388349514563106,162,0.3641975308641975
DRIAMS-A,MIX!Enterobacter cloacae,Cefepime,100,10.0,0.1,162,0.3827160493827161
DRIAMS-A,MIX!Enterobacter cloacae,Ertapenem,100,8.0,0.08,162,0.3827160493827161
DRIAMS-B,Staphylococcus aureus,Benzylpenicillin,348,227.0,0.6522988505747126,353,0.014164305949008527
DRIAMS-B,Staphylococcus aureus,Ciprofloxacin,348,26.0,0.07471264367816093,353,0.014164305949008527
DRIAMS-B,Staphylococcus aureus,Clindamycin,348,37.0,0.10632183908045977,353,0.014164305949008527
DRIAMS-B,Staphylococcus aureus,Levofloxacin,348,26.0,0.07471264367816093,353,0.014164305949008527
DRIAMS-B,Staphylococcus aureus,Erythromycin,347,38.0,0.10951008645533142,353,0.016997167138810165
DRIAMS-B,Staphylococcus aureus,Amoxicillin-Clavulanic acid,346,21.0,0.06069364161849711,353,0.019830028328611915
DRIAMS-B,Staphylococcus aureus,Cefepime,346,21.0,0.06069364161849711,353,0.019830028328611915
DRIAMS-B,Staphylococcus aureus,Fusidic acid,346,20.0,0.057803468208092484,353,0.019830028328611915
DRIAMS-B,Staphylococcus aureus,Oxacillin,346,21.0,0.06069364161849711,353,0.019830028328611915
DRIAMS-B,Staphylococcus epidermidis,Amoxicillin-Clavulanic acid,220,129.0,0.5863636363636363,239,0.07949790794979084
DRIAMS-B,Staphylococcus epidermidis,Cefepime,220,129.0,0.5863636363636363,239,0.07949790794979084
DRIAMS-B,Staphylococcus epidermidis,Ciprofloxacin,220,94.0,0.42727272727272725,239,0.07949790794979084
DRIAMS-B,Staphylococcus epidermidis,Gentamicin,220,59.0,0.2681818181818182,239,0.07949790794979084
DRIAMS-B,Staphylococcus epidermidis,Levofloxacin,220,94.0,0.42727272727272725,239,0.07949790794979084
DRIAMS-B,Staphylococcus epidermidis,Oxacillin,220,129.0,0.5863636363636363,239,0.07949790794979084
DRIAMS-B,Staphylococcus epidermidis,Cotrimoxazol,218,57.0,0.26146788990825687,239,0.08786610878661083
DRIAMS-B,Staphylococcus epidermidis,Fusidic acid,218,101.0,0.463302752293578,239,0.08786610878661083
DRIAMS-B,Staphylococcus epidermidis,Clindamycin,216,89.0,0.41203703703703703,239,0.09623430962343094
DRIAMS-B,Staphylococcus epidermidis,Erythromycin,216,97.0,0.44907407407407407,239,0.09623430962343094
DRIAMS-B,Escherichia coli,Amoxicillin-Clavulanic acid,213,76.0,0.3568075117370892,213,0.0
DRIAMS-B,Escherichia coli,Ampicillin,213,136.0,0.6384976525821596,213,0.0
DRIAMS-B,Escherichia coli,Cefepime,213,43.0,0.20187793427230047,213,0.0
DRIAMS-B,Escherichia coli,Cefoxitin,213,27.0,0.1267605633802817,213,0.0
DRIAMS-B,Escherichia coli,Ceftazidime,213,45.0,0.2112676056338028,213,0.0
DRIAMS-B,Escherichia coli,Ceftriaxone,213,45.0,0.2112676056338028,213,0.0
DRIAMS-B,Escherichia coli,Cefuroxime,213,54.0,0.2535211267605634,213,0.0
DRIAMS-B,Escherichia coli,Ciprofloxacin,213,59.0,0.27699530516431925,213,0.0
DRIAMS-B,Escherichia coli,Cotrimoxazol,213,66.0,0.30985915492957744,213,0.0
DRIAMS-B,Escherichia coli,Gentamicin,213,27.0,0.1267605633802817,213,0.0
DRIAMS-B,Escherichia coli,Norfloxacin,213,72.0,0.3380281690140845,213,0.0
DRIAMS-B,Escherichia coli,Piperacillin-Tazobactam,213,49.0,0.2300469483568075,213,0.0
DRIAMS-B,Escherichia coli,Amikacin,205,12.0,0.05853658536585366,213,0.03755868544600938
DRIAMS-B,Enterococcus faecalis,Ciprofloxacin,172,14.0,0.08139534883720931,172,0.0
DRIAMS-B,Enterococcus faecalis,Levofloxacin,172,14.0,0.08139534883720931,172,0.0
DRIAMS-B,Staphylococcus epidermidis,Tetracycline,172,29.0,0.1686046511627907,239,0.2803347280334728
DRIAMS-B,Enterococcus faecalis,Gentamicin_high_level,166,27.0,0.16265060240963855,172,0.03488372093023251
DRIAMS-B,Klebsiella pneumoniae,Amoxicillin-Clavulanic acid,152,24.0,0.15789473684210525,152,0.0
DRIAMS-B,Klebsiella pneumoniae,Cefepime,152,18.0,0.11842105263157894,152,0.0
DRIAMS-B,Klebsiella pneumoniae,Cefoxitin,152,17.0,0.1118421052631579,152,0.0
DRIAMS-B,Klebsiella pneumoniae,Ceftazidime,152,18.0,0.11842105263157894,152,0.0
DRIAMS-B,Klebsiella pneumoniae,Ceftriaxone,152,18.0,0.11842105263157894,152,0.0
DRIAMS-B,Klebsiella pneumoniae,Cefuroxime,152,31.0,0.20394736842105263,152,0.0
DRIAMS-B,Klebsiella pneumoniae,Ciprofloxacin,152,22.0,0.14473684210526316,152,0.0
DRIAMS-B,Klebsiella pneumoniae,Cotrimoxazol,152,12.0,0.07894736842105263,152,0.0
DRIAMS-B,Klebsiella pneumoniae,Fosfomycin,152,28.0,0.18421052631578946,152,0.0
DRIAMS-B,Klebsiella pneumoniae,Norfloxacin,152,29.0,0.19078947368421054,152,0.0
DRIAMS-B,Klebsiella pneumoniae,Piperacillin-Tazobactam,151,32.0,0.2119205298013245,152,0.006578947368421018
DRIAMS-B,Pseudomonas aeruginosa,Ciprofloxacin,142,16.0,0.11267605633802817,142,0.0
DRIAMS-B,Pseudomonas aeruginosa,Piperacillin-Tazobactam,142,12.0,0.08450704225352113,142,0.0
DRIAMS-B,Pseudomonas aeruginosa,Imipenem,139,15.0,0.1079136690647482,142,0.021126760563380254
DRIAMS-B,Pseudomonas aeruginosa,Amikacin,135,9.0,0.06666666666666667,142,0.04929577464788737
DRIAMS-B,Pseudomonas aeruginosa,Meropenem,129,10.0,0.07751937984496124,142,0.09154929577464788
DRIAMS-C,Escherichia coli,Ceftriaxone,916,151.0,0.1648471615720524,927,0.011866235167206085
DRIAMS-C,Escherichia coli,Ceftazidime,915,146.0,0.15956284153005465,927,0.012944983818770184
DRIAMS-C,Escherichia coli,Gentamicin,911,93.0,0.10208562019758508,927,0.017259978425027023
DRIAMS-C,Escherichia coli,Cefuroxime,909,188.0,0.2068206820682068,927,0.01941747572815533
DRIAMS-C,Escherichia coli,Amoxicillin-Clavulanic acid,902,230.0,0.2549889135254989,927,0.02696871628910469
DRIAMS-C,Escherichia coli,Cotrimoxazole,896,304.0,0.3392857142857143,927,0.033441208198489725
DRIAMS-C,Escherichia coli,Ciprofloxacin,889,191.0,0.21484814398200225,927,0.04099244875943908
DRIAMS-C,Escherichia coli,Ampicillin,884,544.0,0.6153846153846154,927,0.04638619201726002
DRIAMS-C,Staphylococcus aureus,Amoxicillin-Clavulanic acid,738,41.0,0.05555555555555555,738,0.0
DRIAMS-C,Staphylococcus aureus,Ampicillin,738,547.0,0.7411924119241192,738,0.0
DRIAMS-C,Staphylococcus aureus,Oxacillin,738,41.0,0.05555555555555555,738,0.0
DRIAMS-C,Staphylococcus aureus,Penicillin,738,547.0,0.7411924119241192,738,0.0
DRIAMS-C,Staphylococcus aureus,Clarithromycin,651,91.0,0.13978494623655913,738,0.11788617886178865
DRIAMS-C,Staphylococcus aureus,Clindamycin,651,79.0,0.12135176651305683,738,0.11788617886178865
DRIAMS-C,Escherichia coli,Piperacillin-Tazobactam,623,52.0,0.08346709470304976,927,0.32793959007551243
DRIAMS-C,Escherichia coli,Cefepime,622,126.0,0.20257234726688103,927,0.32901833872707664
DRIAMS-C,Escherichia coli,Fosfomycin,471,38.0,0.08067940552016985,927,0.49190938511326865
DRIAMS-C,Escherichia coli,Norfloxacin,446,122.0,0.273542600896861,927,0.5188781014023732
DRIAMS-C,Klebsiella pneumoniae,Ceftriaxone,366,55.0,0.15027322404371585,366,0.0
DRIAMS-C,Klebsiella pneumoniae,Ciprofloxacin,366,48.0,0.13114754098360656,366,0.0
DRIAMS-C,Klebsiella pneumoniae,Cotrimoxazole,366,74.0,0.20218579234972678,366,0.0
DRIAMS-C,Klebsiella pneumoniae,Gentamicin,366,23.0,0.06284153005464481,366,0.0
DRIAMS-C,Klebsiella pneumoniae,Amoxicillin-Clavulanic acid,365,54.0,0.14794520547945206,366,0.002732240437158473
DRIAMS-C,Klebsiella pneumoniae,Ceftazidime,365,57.0,0.15616438356164383,366,0.002732240437158473
DRIAMS-C,Klebsiella pneumoniae,Cefuroxime,360,63.0,0.175,366,0.016393442622950838
DRIAMS-C,Pseudomonas aeruginosa,Amikacin,357,19.0,0.05322128851540616,357,0.0
DRIAMS-C,Pseudomonas aeruginosa,Cefepime,357,34.0,0.09523809523809523,357,0.0
DRIAMS-C,Pseudomonas aeruginosa,Ceftazidime,357,32.0,0.0896358543417367,357,0.0
DRIAMS-C,Pseudomonas aeruginosa,Ciprofloxacin,357,33.0,0.09243697478991597,357,0.0
DRIAMS-C,Pseudomonas aeruginosa,Gentamicin,357,27.0,0.07563025210084033,357,0.0
DRIAMS-C,Pseudomonas aeruginosa,Imipenem,357,31.0,0.08683473389355742,357,0.0
DRIAMS-C,Pseudomonas aeruginosa,Piperacillin-Tazobactam,357,32.0,0.0896358543417367,357,0.0
DRIAMS-C,Klebsiella pneumoniae,Fosfomycin,230,196.0,0.8521739130434782,366,0.3715846994535519
DRIAMS-C,Klebsiella pneumoniae,Nitrofurantoin,230,29.0,0.12608695652173912,366,0.3715846994535519
DRIAMS-C,Klebsiella pneumoniae,Norfloxacin,230,30.0,0.13043478260869565,366,0.3715846994535519
DRIAMS-C,Proteus mirabilis,Amoxicillin-Clavulanic acid,220,14.0,0.06363636363636363,220,0.0
DRIAMS-C,Proteus mirabilis,Ampicillin,220,96.0,0.43636363636363634,220,0.0
DRIAMS-C,Proteus mirabilis,Ceftriaxone,220,16.0,0.07272727272727272,220,0.0
DRIAMS-C,Proteus mirabilis,Cefuroxime,220,11.0,0.05,220,0.0
DRIAMS-C,Proteus mirabilis,Ciprofloxacin,220,24.0,0.10909090909090909,220,0.0
DRIAMS-C,Proteus mirabilis,Cotrimoxazole,220,80.0,0.36363636363636365,220,0.0
DRIAMS-C,Proteus mirabilis,Gentamicin,220,26.0,0.11818181818181818,220,0.0
DRIAMS-C,Klebsiella pneumoniae,Cefepime,185,53.0,0.2864864864864865,366,0.49453551912568305
DRIAMS-C,Klebsiella pneumoniae,Piperacillin-Tazobactam,184,39.0,0.21195652173913043,366,0.4972677595628415
DRIAMS-C,Enterobacter cloacae,Ceftazidime,170,44.0,0.25882352941176473,170,0.0
DRIAMS-C,Enterobacter cloacae,Ceftriaxone,170,46.0,0.27058823529411763,170,0.0
DRIAMS-C,Enterobacter cloacae,Cefuroxime,170,68.0,0.4,170,0.0
DRIAMS-C,Enterobacter cloacae,Cotrimoxazole,170,9.0,0.052941176470588235,170,0.0
DRIAMS-C,Klebsiella oxytoca,Amoxicillin-Clavulanic acid,132,15.0,0.11363636363636363,132,0.0
DRIAMS-C,Klebsiella oxytoca,Ceftriaxone,132,13.0,0.09848484848484848,132,0.0
DRIAMS-C,Klebsiella oxytoca,Cefuroxime,132,14.0,0.10606060606060606,132,0.0
DRIAMS-C,Proteus mirabilis,Fosfomycin,131,31.0,0.2366412213740458,220,0.40454545454545454
DRIAMS-C,Proteus mirabilis,Norfloxacin,131,21.0,0.16030534351145037,220,0.40454545454545454
DRIAMS-C,Citrobacter koseri,Amoxicillin-Clavulanic acid,119,8.0,0.06722689075630252,119,0.0
DRIAMS-C,Citrobacter koseri,Cefuroxime,119,21.0,0.17647058823529413,119,0.0
DRIAMS-C,Enterobacter cloacae,Cefepime,114,15.0,0.13157894736842105,170,0.3294117647058824
DRIAMS-C,Enterobacter cloacae,Piperacillin-Tazobactam,114,37.0,0.32456140350877194,170,0.3294117647058824
DRIAMS-C,Proteus mirabilis,Cefepime,105,11.0,0.10476190476190476,220,0.5227272727272727
DRIAMS-C,Proteus mirabilis,Imipenem,105,6.0,0.05714285714285714,220,0.5227272727272727
DRIAMS-C,Proteus mirabilis,Piperacillin-Tazobactam,105,6.0,0.05714285714285714,220,0.5227272727272727
DRIAMS-D,Staphylococcus aureus,Ciprofloxacin,2161,138.0,0.06385932438685793,2174,0.005979760809567636
DRIAMS-D,Klebsiella pneumoniae,Amoxicillin-Clavulanic acid,2151,142.0,0.06601580660158066,2151,0.0
DRIAMS-D,Klebsiella pneumoniae,Cefepime,2151,109.0,0.050674105067410505,2151,0.0
DRIAMS-D,Klebsiella pneumoniae,Ceftazidime,2151,120.0,0.05578800557880056,2151,0.0
DRIAMS-D,Klebsiella pneumoniae,Ceftriaxone,2151,123.0,0.05718270571827057,2151,0.0
DRIAMS-D,Klebsiella pneumoniae,Fosfomycin,2151,432.0,0.200836820083682,2151,0.0
DRIAMS-D,Klebsiella pneumoniae,Piperacillin-Tazobactam,2148,223.0,0.10381750465549348,2151,0.001394700139469962
DRIAMS-D,Klebsiella pneumoniae,Ciprofloxacin,2102,168.0,0.07992388201712655,2151,0.022780102278010195
DRIAMS-D,Escherichia coli,Cefepime,1996,153.0,0.07665330661322645,2013,0.008445106805762492
DRIAMS-D,Escherichia coli,Gentamicin,1996,160.0,0.08016032064128256,2013,0.008445106805762492
DRIAMS-D,Escherichia coli,Ceftazidime,1995,186.0,0.09323308270676692,2013,0.008941877794336861
DRIAMS-D,Escherichia coli,Amoxicillin-Clavulanic acid,1994,332.0,0.16649949849548645,2013,0.009438648782911119
DRIAMS-D,Escherichia coli,Ceftriaxone,1994,198.0,0.09929789368104312,2013,0.009438648782911119
DRIAMS-D,Escherichia coli,Ampicillin,1992,923.0,0.46335341365461846,2013,0.010432190760059634
DRIAMS-D,Escherichia coli,Ciprofloxacin,1939,371.0,0.19133574007220217,2013,0.03676105315449574
DRIAMS-D,Staphylococcus aureus,Erythromycin,1735,344.0,0.19827089337175793,2174,0.20193192272309113
DRIAMS-D,Staphylococcus aureus,Penicillin,1530,1344.0,0.8784313725490196,2174,0.29622815087396503
DRIAMS-D,Proteus mirabilis,Amoxicillin-Clavulanic acid,623,42.0,0.06741573033707865,623,0.0
DRIAMS-D,Proteus mirabilis,Ampicillin,623,182.0,0.29213483146067415,623,0.0
DRIAMS-D,Proteus mirabilis,Fosfomycin,623,80.0,0.12841091492776885,623,0.0
DRIAMS-D,Proteus mirabilis,Gentamicin,623,61.0,0.09791332263242375,623,0.0
DRIAMS-D,Proteus mirabilis,Ciprofloxacin,621,120.0,0.1932367149758454,623,0.0032102728731941976
DRIAMS-D,Proteus mirabilis,Imipenem,594,210.0,0.35353535353535354,623,0.0465489566613162
DRIAMS-D,Enterobacter cloacae,Amoxicillin-Clavulanic acid,426,354.0,0.8309859154929577,426,0.0
DRIAMS-D,Enterobacter cloacae,Cefepime,426,40.0,0.09389671361502347,426,0.0
DRIAMS-D,Enterobacter cloacae,Ceftazidime,426,93.0,0.21830985915492956,426,0.0
DRIAMS-D,Enterobacter cloacae,Ertapenem,426,47.0,0.11032863849765258,426,0.0
DRIAMS-D,Enterobacter cloacae,Fosfomycin,426,211.0,0.4953051643192488,426,0.0
DRIAMS-D,Enterobacter cloacae,Ampicillin,425,368.0,0.8658823529411764,426,0.0023474178403756207
DRIAMS-D,Enterobacter cloacae,Ceftriaxone,425,92.0,0.2164705882352941,426,0.0023474178403756207
DRIAMS-D,Enterobacter cloacae,Piperacillin-Tazobactam,425,94.0,0.2211764705882353,426,0.0023474178403756207
DRIAMS-D,Staphylococcus epidermidis,Fosfomycin,372,36.0,0.0967741935483871,374,0.005347593582887722
DRIAMS-D,Staphylococcus epidermidis,Tetracycline,372,147.0,0.3951612903225806,374,0.005347593582887722
DRIAMS-D,Staphylococcus epidermidis,Ciprofloxacin,371,181.0,0.48787061994609165,374,0.008021390374331583
DRIAMS-D,Staphylococcus epidermidis,Gentamicin,371,122.0,0.3288409703504043,374,0.008021390374331583
DRIAMS-D,Citrobacter koseri,Piperacillin-Tazobactam,348,19.0,0.05459770114942529,349,0.002865329512893977
DRIAMS-D,Staphylococcus epidermidis,Penicillin,336,287.0,0.8541666666666666,374,0.10160427807486627
DRIAMS-D,Pseudomonas aeruginosa,Ceftazidime,327,28.0,0.0856269113149847,362,0.09668508287292821
DRIAMS-D,Pseudomonas aeruginosa,Piperacillin-Tazobactam,314,34.0,0.10828025477707007,362,0.13259668508287292
DRIAMS-D,Pseudomonas aeruginosa,Ciprofloxacin,310,46.0,0.14838709677419354,362,0.14364640883977897
DRIAMS-D,Pseudomonas aeruginosa,Imipenem,297,35.0,0.11784511784511785,362,0.1795580110497238
DRIAMS-D,Staphylococcus aureus,Daptomycin,273,19.0,0.0695970695970696,2174,0.87442502299908
DRIAMS-D,Staphylococcus epidermidis,Erythromycin,257,176.0,0.6848249027237354,374,0.3128342245989305
DRIAMS-D,Pseudomonas aeruginosa,Colistin,247,14.0,0.05668016194331984,362,0.31767955801104975
DRIAMS-D,Pseudomonas aeruginosa,Piperacillin,247,33.0,0.13360323886639677,362,0.31767955801104975
DRIAMS-D,Pseudomonas aeruginosa,Meropenem,240,27.0,0.1125,362,0.3370165745856354
DRIAMS-D,Enterobacter aerogenes,Amoxicillin-Clavulanic acid,239,197.0,0.8242677824267782,239,0.0
DRIAMS-D,Enterobacter aerogenes,Ampicillin,239,159.0,0.6652719665271967,239,0.0
DRIAMS-D,Enterobacter aerogenes,Ceftazidime,239,42.0,0.17573221757322174,239,0.0
DRIAMS-D,Enterobacter aerogenes,Ceftriaxone,239,38.0,0.1589958158995816,239,0.0
DRIAMS-D,Enterobacter aerogenes,Fosfomycin,239,37.0,0.15481171548117154,239,0.0
DRIAMS-D,Enterobacter aerogenes,Piperacillin-Tazobactam,239,49.0,0.20502092050209206,239,0.0
DRIAMS-D,Pseudomonas aeruginosa,Ticarcillin-Clavulan acid,230,102.0,0.4434782608695652,362,0.3646408839779005
DRIAMS-D,Pseudomonas aeruginosa,Aztreonam,224,22.0,0.09821428571428571,362,0.3812154696132597
DRIAMS-D,Pseudomonas aeruginosa,Ticarcillin,224,158.0,0.7053571428571429,362,0.3812154696132597
DRIAMS-D,Staphylococcus saprophyticus,Tetracycline,200,24.0,0.12,200,0.0
DRIAMS-D,Citrobacter freundii,Ceftazidime,199,44.0,0.22110552763819097,200,0.0050000000000000044
DRIAMS-D,Citrobacter freundii,Ceftriaxone,199,43.0,0.21608040201005024,200,0.0050000000000000044
DRIAMS-D,Citrobacter freundii,Amoxicillin-Clavulanic acid,198,108.0,0.5454545454545454,200,0.010000000000000009
DRIAMS-D,Citrobacter freundii,Ampicillin,198,85.0,0.4292929292929293,200,0.010000000000000009
DRIAMS-D,Citrobacter freundii,Piperacillin-Tazobactam,193,38.0,0.19689119170984457,200,0.03500000000000003
DRIAMS-D,Staphylococcus saprophyticus,Erythromycin,172,92.0,0.5348837209302325,200,0.14
DRIAMS-D,Enterococcus faecium,Ampicillin,171,141.0,0.8245614035087719,171,0.0
DRIAMS-D,Enterococcus faecium,Ampicillin-Sulbactam,171,139.0,0.8128654970760234,171,0.0
DRIAMS-D,Enterococcus faecium,Imipenem,171,152.0,0.8888888888888888,171,0.0
DRIAMS-D,Serratia marcescens,Amoxicillin-Clavulanic acid,168,140.0,0.8333333333333334,168,0.0
DRIAMS-D,Serratia marcescens,Ampicillin,168,146.0,0.8690476190476191,168,0.0
DRIAMS-D,Serratia marcescens,Fosfomycin,168,19.0,0.1130952380952381,168,0.0
DRIAMS-D,Serratia marcescens,Ciprofloxacin,167,13.0,0.07784431137724551,168,0.005952380952380931
DRIAMS-D,Morganella morganii,Gentamicin,160,11.0,0.06875,160,0.0
DRIAMS-D,Morganella morganii,Amoxicillin-Clavulanic acid,159,149.0,0.9371069182389937,160,0.006249999999999978
DRIAMS-D,Morganella morganii,Ceftazidime,159,10.0,0.06289308176100629,160,0.006249999999999978
DRIAMS-D,Morganella morganii,Ciprofloxacin,159,18.0,0.11320754716981132,160,0.006249999999999978
DRIAMS-D,Morganella morganii,Fosfomycin,159,147.0,0.9245283018867925,160,0.006249999999999978
DRIAMS-D,Morganella morganii,Imipenem,158,39.0,0.2468354430379747,160,0.012499999999999956
DRIAMS-D,Pseudomonas aeruginosa,Levofloxacin,133,40.0,0.3007518796992481,362,0.6325966850828729
DRIAMS-D,Proteus vulgaris,Ertapenem,117,7.0,0.05982905982905983,117,0.0
DRIAMS-D,Proteus vulgaris,Ampicillin,116,110.0,0.9482758620689655,117,0.008547008547008517
DRIAMS-D,Proteus vulgaris,Fosfomycin,116,15.0,0.12931034482758622,117,0.008547008547008517
DRIAMS-D,Proteus vulgaris,Gentamicin,116,10.0,0.08620689655172414,117,0.008547008547008517
DRIAMS-D,Proteus vulgaris,Imipenem,110,89.0,0.8090909090909091,117,0.05982905982905984
DRIAMS-D,Staphylococcus lugdunensis,Fosfomycin,109,11.0,0.10091743119266056,110,0.009090909090909038
DRIAMS-D,Staphylococcus aureus,Clindamycin,108,40.0,0.37037037037037035,2174,0.9503219871205152
DRIAMS-D,Staphylococcus epidermidis,Clindamycin,104,69.0,0.6634615384615384,374,0.7219251336898396
