rep,yontem,n_unlab,reg,reg_cl,auroc,prauc,egim,dom_once,dom_sonra
0,raw6000,-1,,,0.7358729195123186,0.41569922509261176,0.6440414005347507,,
0,svd_none,100,,,0.7136135984216119,0.4035555728945875,0.8351075349692598,0.98898,0.98898
0,sinkhorn,100,0.05,,0.6035058430717863,0.1463839638114412,0.3973724308350832,0.98898,0.9478
0,sinkhorn,100,0.5,,0.5411544493347499,0.14314468919080792,0.17040169696292012,0.98898,0.99976
0,sinkhorn_l1l2,100,0.05,0.1,0.6743056609500684,0.2723433246133406,0.5009017340315545,0.98898,0.9982800000000001
0,sinkhorn_l1l2,100,0.05,1.0,0.6737744726058582,0.2827862443926935,0.6692175091769116,0.98898,0.99864
0,sinkhorn_l1l2,100,0.5,0.1,0.6951484797895482,0.2977821601387014,0.6744999746203862,0.98898,0.99866
0,sinkhorn_l1l2,100,0.5,1.0,0.6709667627864623,0.27607252428941964,0.6002967011177323,0.98898,0.99856
0,svd_none,250,,,0.7065057924824201,0.3892145818802474,0.7842481626053022,0.9910800000000001,0.9910800000000001
0,sinkhorn,250,0.05,,0.6187079475894167,0.16019818634937844,0.464980282590611,0.9910800000000001,0.978388
0,sinkhorn,250,0.5,,0.531188344210047,0.10285683873513683,0.07473047619904771,0.9910800000000001,0.999864
0,sinkhorn_l1l2,250,0.05,0.1,0.6276116760256993,0.2376156295377186,0.3808846052026145,0.9910800000000001,0.998544
0,sinkhorn_l1l2,250,0.05,1.0,0.6425608337127535,0.2163681207423796,0.5345664279444267,0.9910800000000001,0.9983359999999999
0,sinkhorn_l1l2,250,0.5,0.1,0.6937319775383214,0.30239112588728245,0.646470978582098,0.9910800000000001,0.9985520000000001
0,sinkhorn_l1l2,250,0.5,1.0,0.6721809075732281,0.3069886757866988,0.6602707664008557,0.9910800000000001,0.99844
0,svd_none,500,,,0.6895836495168715,0.4267196361861143,0.74079415807308,0.9954160000000001,0.9954160000000001
0,sinkhorn,500,0.05,,0.5859513330297972,0.13370600833904517,0.3298962486154755,0.9954160000000001,0.98128
0,sinkhorn,500,0.5,,0.48919917033439575,0.10162084891186672,-0.04155012723842405,0.9954160000000001,0.999788
0,sinkhorn_l1l2,500,0.05,0.1,0.6959073202812769,0.27430545542306073,0.6382323741893712,0.9954160000000001,0.9992559999999999
0,sinkhorn_l1l2,500,0.05,1.0,0.7097182172307381,0.35531701787017955,0.8639931009784336,0.9954160000000001,0.9991559999999999
0,sinkhorn_l1l2,500,0.5,0.1,0.7049628168159053,0.32018731251302196,0.7560587243539322,0.9954160000000001,0.9991519999999999
0,sinkhorn_l1l2,500,0.5,1.0,0.7093640916679314,0.28245809011526135,0.8116748188347193,0.9954160000000001,0.999004
0,svd_none,1329,,,0.6496686396519452,0.37182778413825324,0.6358571969981027,0.993894,0.993894
0,sinkhorn,1329,0.05,,0.693833156270552,0.22897983633337116,0.7711911472888378,0.993894,0.9867130000000001
0,sinkhorn,1329,0.5,,0.5440380432033187,0.11335632346594034,0.15075577785061536,0.993894,0.9992719999999999
0,sinkhorn_l1l2,1329,0.05,0.1,0.7258056356553853,0.39007304010495014,0.8969467403459613,0.993894,0.9989079999999999
0,sinkhorn_l1l2,1329,0.05,1.0,0.7120453280720394,0.3247839533351452,0.9084835776208017,0.993894,0.998328
0,sinkhorn_l1l2,1329,0.5,0.1,0.6984114939039814,0.3298426862417604,0.7733753954421757,0.993894,0.998552
0,sinkhorn_l1l2,1329,0.5,1.0,0.7032680730510447,0.31671616554954196,0.8334127291764892,0.993894,0.9983759999999999
1,raw6000,-1,,,0.7547933424394193,0.4345475041232502,0.678924560311236,,
1,svd_none,100,,,0.7064299084332473,0.3972487150858986,0.813296727587958,0.9927,0.9927
1,sinkhorn,100,0.05,,0.5312389335761623,0.10669643947122881,0.1420028145012991,0.9927,0.97048
1,sinkhorn,100,0.5,,0.5470734051702332,0.11874063672237208,0.11085184560605646,0.9927,1.0
1,sinkhorn_l1l2,100,0.05,0.1,0.6398795973086459,0.31991860574837383,0.4422518764792022,0.9927,0.99712
1,sinkhorn_l1l2,100,0.05,1.0,0.6789851773157283,0.3411547428141637,0.6867952113430756,0.9927,0.99712
1,sinkhorn_l1l2,100,0.5,0.1,0.6697526179996964,0.3456946688732833,0.6535886398067129,0.9927,0.9972799999999999
1,sinkhorn_l1l2,100,0.5,1.0,0.7010927303080893,0.37855090415216586,0.7705528144755994,0.9927,0.9966999999999999
1,svd_none,250,,,0.6786057570698639,0.4063392774488668,0.7450961066062135,0.99348,0.99348
1,sinkhorn,250,0.05,,0.6035058430717863,0.15439895766977915,0.3427727128033796,0.99348,0.974896
1,sinkhorn,250,0.5,,0.5350837254009208,0.1674194539515992,0.23320941067774476,0.99348,0.9999119999999999
1,sinkhorn_l1l2,250,0.05,0.1,0.6678302220873171,0.37772903592026735,0.7116010728658742,0.99348,0.9983599999999999
1,sinkhorn_l1l2,250,0.05,1.0,0.7254515100925785,0.41226902726093473,0.957248418975348,0.99348,0.99824
1,sinkhorn_l1l2,250,0.5,0.1,0.6835382202661,0.4002917836162927,0.7695462774798553,0.99348,0.99824
1,sinkhorn_l1l2,250,0.5,1.0,0.7252997419942327,0.43888757098500897,0.9766719271665858,0.99348,0.9981599999999999
1,svd_none,500,,,0.7042798603733494,0.4442089103629616,0.8262189268727448,0.996544,0.996544
1,sinkhorn,500,0.05,,0.620225628572874,0.14670328405536914,0.41828874898023977,0.996544,0.985644
1,sinkhorn,500,0.5,,0.508220771993727,0.09887078090786214,0.003663281702669391,0.996544,1.0
1,sinkhorn_l1l2,500,0.05,0.1,0.7007891941113977,0.3736780408037544,0.7482707962309483,0.996544,0.99924
1,sinkhorn_l1l2,500,0.05,1.0,0.736378813173471,0.445131668803866,1.0643015395175768,0.996544,0.999324
1,sinkhorn_l1l2,500,0.5,0.1,0.7047604593514444,0.4007733060721775,0.8518321750593927,0.996544,0.999152
1,sinkhorn_l1l2,500,0.5,1.0,0.7209237618252643,0.39547548236684943,0.9288348238687212,0.996544,0.999288
1,svd_none,1329,,,0.7124753376840188,0.43709367253959136,0.7770996526980819,0.9959,0.9959
1,sinkhorn,1329,0.05,,0.5875196033793696,0.22747473550264713,0.47950009154368983,0.9959,0.990606
1,sinkhorn,1329,0.5,,0.6324682551727627,0.17888247369404758,0.5132779993861984,0.9959,1.0
1,sinkhorn_l1l2,1329,0.05,0.1,0.734304649162746,0.42427192159654503,0.8734846618692421,0.9959,0.998694
1,sinkhorn_l1l2,1329,0.05,1.0,0.7607628876410178,0.4558896660262285,1.0475176492878826,0.9959,0.9991639999999999
1,sinkhorn_l1l2,1329,0.5,0.1,0.7253250366772905,0.42404815729569445,0.8546464018742143,0.9959,0.99882
1,sinkhorn_l1l2,1329,0.5,1.0,0.715662467749279,0.38812216943048083,0.7872671191742242,0.9959,0.998876
2,raw6000,-1,,,0.7614458440835737,0.47426338385278444,0.7255733233737934,,
2,svd_none,100,,,0.7176354530277735,0.41513017825831705,0.8127199586852317,0.9845600000000001,0.9845600000000001
2,sinkhorn,100,0.05,,0.623842768250114,0.19031285812057958,0.45563514636288854,0.9845600000000001,0.9494100000000001
2,sinkhorn,100,0.5,,0.5037689077755856,0.09932495297383079,-0.016210714874014456,0.9845600000000001,0.9997199999999999
2,sinkhorn_l1l2,100,0.05,0.1,0.678074568725654,0.22289889026004517,0.5076380297510519,0.9845600000000001,0.99944
2,sinkhorn_l1l2,100,0.05,1.0,0.6962867405271412,0.375610545111754,0.7955745064246027,0.9845600000000001,0.9997400000000001
2,sinkhorn_l1l2,100,0.5,0.1,0.6861941619871502,0.25918143054819637,0.6339879847651579,0.9845600000000001,0.99902
2,sinkhorn_l1l2,100,0.5,1.0,0.7026610006576617,0.34625868524677766,0.7741072691766655,0.9845600000000001,0.99966
2,svd_none,250,,,0.7667324328426165,0.498105473849201,0.9760636572405053,0.993248,0.993248
2,sinkhorn,250,0.05,,0.6578388222795568,0.17531044742959268,0.581177293899192,0.993248,0.9687760000000001
2,sinkhorn,250,0.5,,0.5362219861385137,0.11450610530599271,0.16163257313685342,0.993248,0.999864
2,sinkhorn_l1l2,250,0.05,0.1,0.7201902160165933,0.3719507754988236,0.7629904398737419,0.993248,0.9984959999999999
2,sinkhorn_l1l2,250,0.05,1.0,0.7089087873728941,0.40967709494878574,0.8598724608012543,0.993248,0.99856
2,sinkhorn_l1l2,250,0.5,0.1,0.7312945818788892,0.3907013966706382,0.8159894806915916,0.993248,0.9985919999999999
2,sinkhorn_l1l2,250,0.5,1.0,0.7344058278949765,0.4233901118494296,0.9047408300690095,0.993248,0.998712
2,svd_none,500,,,0.7453331309758687,0.422124519723331,0.8376591583092624,0.993992,0.993992
2,sinkhorn,500,0.05,,0.6155714068902718,0.14692756798336962,0.4504485970357084,0.993992,0.97753
2,sinkhorn,500,0.5,,0.5395102949360044,0.12405875909441594,0.16911514559500743,0.993992,0.999972
2,sinkhorn_l1l2,500,0.05,0.1,0.7184448828856175,0.37232793172308964,0.8292724234156066,0.993992,0.9991599999999999
2,sinkhorn_l1l2,500,0.05,1.0,0.7028886528051804,0.3542905925961972,0.8787291418258434,0.993992,0.999484
2,sinkhorn_l1l2,500,0.5,0.1,0.6964638033085445,0.3772150733553038,0.7822275062459699,0.993992,0.99928
2,sinkhorn_l1l2,500,0.5,1.0,0.6701573329286185,0.3733961145470416,0.8157391124856557,0.993992,0.9993479999999999
2,svd_none,1329,,,0.722947336469874,0.4594356521032933,0.7922201044402302,0.994824,0.994824
2,sinkhorn,1329,0.05,,0.5417362270450751,0.11466555990027574,0.13045415710690225,0.994824,0.9913069999999999
2,sinkhorn,1329,0.5,,0.5465675115090808,0.11060376756182763,0.19154400749547934,0.994824,0.999986
2,sinkhorn_l1l2,1329,0.05,0.1,0.7032680730510447,0.37075054091553206,0.7556113930225652,0.994824,0.9990479999999999
2,sinkhorn_l1l2,1329,0.05,1.0,0.7176354530277735,0.3909706455972269,0.8717650381836785,0.994824,0.998946
2,sinkhorn_l1l2,1329,0.5,0.1,0.7032427783679871,0.35681906749226133,0.7150970751945894,0.994824,0.9989779999999999
2,sinkhorn_l1l2,1329,0.5,1.0,0.6935549147569181,0.371387463580425,0.7837276132384743,0.994824,0.999268
3,raw6000,-1,,,0.7702483937876259,0.4576399358298662,0.6975824920745453,,
3,svd_none,100,,,0.7106035311377549,0.3880251997182521,0.805439875308432,0.9915400000000001,0.9915400000000001
3,sinkhorn,100,0.05,,0.5909343855921486,0.1454145319908382,0.389016382369852,0.9915400000000001,0.96678
3,sinkhorn,100,0.5,,0.5128496989932716,0.12178812968487969,0.11764735027013497,0.9915400000000001,1.0
3,sinkhorn_l1l2,100,0.05,0.1,0.7159154145798554,0.34554940064829587,0.6819696808360313,0.9915400000000001,0.9976400000000001
3,sinkhorn_l1l2,100,0.05,1.0,0.6936307988060909,0.3253243845664489,0.7226679338931231,0.9915400000000001,0.9970399999999999
3,sinkhorn_l1l2,100,0.5,0.1,0.7108311832852734,0.3146963499954093,0.6172049749509626,0.9915400000000001,0.9978
3,sinkhorn_l1l2,100,0.5,1.0,0.714600091060859,0.2973008051465475,0.7100589410190359,0.9915400000000001,0.99708
3,svd_none,250,,,0.7303839732888148,0.4093227594549558,0.781897853670785,0.997144,0.997144
3,sinkhorn,250,0.05,,0.684145292659483,0.1934587289227037,0.7465980585393801,0.997144,0.978544
3,sinkhorn,250,0.5,,0.5560277229726311,0.12298016860030912,0.20836393200205827,0.997144,0.9999359999999999
3,sinkhorn_l1l2,250,0.05,0.1,0.690089543178024,0.315905699949983,0.631038471552399,0.997144,0.998344
3,sinkhorn_l1l2,250,0.05,1.0,0.7281074518136287,0.3514509767237223,0.92428169085378,0.997144,0.9982
3,sinkhorn_l1l2,250,0.5,0.1,0.7019021601659331,0.3279024247506873,0.6996137822317042,0.997144,0.998288
3,sinkhorn_l1l2,250,0.5,1.0,0.7184954722517327,0.36557337388873384,0.8576167361074548,0.997144,0.99808
3,svd_none,500,,,0.7485708504072444,0.47199902195215504,0.9630672413591189,0.9945280000000001,0.9945280000000001
3,sinkhorn,500,0.05,,0.6643648505084231,0.16284720246258078,0.5441248961828179,0.9945280000000001,0.9827400000000001
3,sinkhorn,500,0.5,,0.5640208428188396,0.12852764396384966,0.2846610269544537,0.9945280000000001,0.9999560000000001
3,sinkhorn_l1l2,500,0.05,0.1,0.7363282238073556,0.42639278978395867,0.8591086021133414,0.9945280000000001,0.99796
3,sinkhorn_l1l2,500,0.05,1.0,0.7393635857742702,0.41722687086518145,1.0254029980637063,0.9945280000000001,0.9985759999999999
3,sinkhorn_l1l2,500,0.5,0.1,0.7481661354783224,0.4238441372020466,0.8980758283760787,0.9945280000000001,0.998488
3,sinkhorn_l1l2,500,0.5,1.0,0.7570698639146051,0.45554382175440894,1.0213202685638045,0.9945280000000001,0.99858
3,svd_none,1329,,,0.693833156270552,0.45373977347599304,0.7177284919367567,0.995862,0.995862
3,sinkhorn,1329,0.05,,0.6804522689330702,0.2547665865070698,0.7803278155641145,0.995862,0.985849
3,sinkhorn,1329,0.5,,0.5983963170941468,0.1468576658468359,0.3984624304538646,0.995862,1.0
3,sinkhorn_l1l2,1329,0.05,0.1,0.7083017149795113,0.3265411647714209,0.8294542435545993,0.995862,0.9992399999999999
3,sinkhorn_l1l2,1329,0.05,1.0,0.6921131178226336,0.35225682258329216,0.8096309114804815,0.995862,0.999322
3,sinkhorn_l1l2,1329,0.5,0.1,0.7321040117367329,0.3592074292153648,0.9047123809274126,0.995862,0.9993799999999999
3,sinkhorn_l1l2,1329,0.5,1.0,0.7031668943188141,0.3600379155107378,0.8787264087774077,0.995862,0.999312
4,raw6000,-1,,,0.7780644508524309,0.4662098607625145,0.6871832031905226,,
4,svd_none,100,,,0.7617240855972075,0.4669940718526591,0.8898220369736412,0.98098,0.98098
4,sinkhorn,100,0.05,,0.5211463550361713,0.1078266087863777,0.051925507681904993,0.98098,0.9504999999999999
4,sinkhorn,100,0.5,,0.4710375878990236,0.09529975286566435,-0.051063245074784644,0.98098,0.99998
4,sinkhorn_l1l2,100,0.05,0.1,0.7403500784135175,0.3879656971210508,0.818105065215036,0.98098,0.9987199999999999
4,sinkhorn_l1l2,100,0.05,1.0,0.7406283199271514,0.3764584128106306,0.9859361622971065,0.98098,0.99884
4,sinkhorn_l1l2,100,0.5,0.1,0.7301310264582386,0.40620525834830457,0.8872566966618626,0.98098,0.99908
4,sinkhorn_l1l2,100,0.5,1.0,0.7607122982749026,0.45314832779666214,1.1154087243572908,0.98098,0.9988600000000001
4,svd_none,250,,,0.757221632012951,0.49565053805517406,0.910112816986313,0.989832,0.989832
4,sinkhorn,250,0.05,,0.648682147012698,0.1894142246650462,0.6076508040470073,0.989832,0.9725079999999999
4,sinkhorn,250,0.5,,0.5504123033338392,0.11626275500106845,0.20024618014845064,0.989832,1.0
4,sinkhorn_l1l2,250,0.05,0.1,0.7273486113219001,0.44140469911880387,0.8728378412624205,0.989832,0.998904
4,sinkhorn_l1l2,250,0.05,1.0,0.7214549501694745,0.4157966579892523,0.9656235980299477,0.989832,0.998672
4,sinkhorn_l1l2,250,0.5,0.1,0.7423230636920118,0.43410944423052555,0.8780746242402738,0.989832,0.9985839999999999
4,sinkhorn_l1l2,250,0.5,1.0,0.7331157990590379,0.4545223975433431,1.0028473338350008,0.989832,0.99868
4,svd_none,500,,,0.7912935700915668,0.549155846360225,1.0228967398747988,0.99498,0.99498
4,sinkhorn,500,0.05,,0.6908230889866951,0.2040940616575106,0.7326349815621757,0.99498,0.983438
4,sinkhorn,500,0.5,,0.6153943441088683,0.18046774378023872,0.42600783153877425,0.99498,0.999668
4,sinkhorn_l1l2,500,0.05,0.1,0.7361005716598371,0.44164073326890174,0.8831484030782253,0.99498,0.998792
4,sinkhorn_l1l2,500,0.05,1.0,0.7455607831233874,0.45500040648820667,1.0535220635173215,0.99498,0.9988680000000001
4,sinkhorn_l1l2,500,0.5,0.1,0.7345070066272069,0.40285863439516334,0.8378194393593406,0.99498,0.998888
4,sinkhorn_l1l2,500,0.5,1.0,0.7435119137957201,0.43755420777573306,1.043304709624346,0.99498,0.998868
4,svd_none,1329,,,0.786867000556483,0.5658394316176282,1.0537159033609587,0.9940439999999999,0.9940439999999999
4,sinkhorn,1329,0.05,,0.6881418525825872,0.2142225654381371,0.6882601998884351,0.9940439999999999,0.9890620000000001
4,sinkhorn,1329,0.5,,0.5517023321697779,0.15342358612520485,0.27872271394597903,0.9940439999999999,0.999612
4,sinkhorn_l1l2,1329,0.05,0.1,0.760687003591845,0.46530388921811144,0.988336413102735,0.9940439999999999,0.999368
4,sinkhorn_l1l2,1329,0.05,1.0,0.7768250113826075,0.452477569325961,1.0669196096419091,0.9940439999999999,0.999474
4,sinkhorn_l1l2,1329,0.5,0.1,0.7325593160317702,0.45502783381629125,0.8509114256623875,0.9940439999999999,0.999602
4,sinkhorn_l1l2,1329,0.5,1.0,0.747989072696919,0.4367713945664396,1.0060644323604846,0.9940439999999999,0.9995639999999999
5,raw6000,-1,,,0.7521626954014266,0.4714368397355916,0.673295870411628,,
5,svd_none,100,,,0.7621035058430718,0.40736536605244233,0.8751847797421051,0.9884000000000001,0.9884000000000001
5,sinkhorn,100,0.05,,0.5487934436181515,0.10652016212901314,0.1585824588914824,0.9884000000000001,0.95315
5,sinkhorn,100,0.5,,0.6008246066676785,0.15994046630810876,0.38505488421211365,0.9884000000000001,0.99998
5,sinkhorn_l1l2,100,0.05,0.1,0.7136641877877271,0.3311804743105623,0.5893386189141483,0.9884000000000001,0.9946999999999999
5,sinkhorn_l1l2,100,0.05,1.0,0.7583345980674862,0.3897294246157941,0.9004939319719396,0.9884000000000001,0.9968999999999999
5,sinkhorn_l1l2,100,0.5,0.1,0.7053675317448272,0.3885187616016601,0.6268339151868828,0.9884000000000001,0.99518
5,sinkhorn_l1l2,100,0.5,1.0,0.73202812768756,0.3730988853420479,0.8139186914825727,0.9884000000000001,0.9952399999999999
5,svd_none,250,,,0.7088329033237214,0.4484238802803676,0.850271488287985,0.99164,0.99164
5,sinkhorn,250,0.05,,0.6565993828097334,0.1629038274123697,0.6160635540872477,0.99164,0.9791160000000001
5,sinkhorn,250,0.5,,0.4986846764810037,0.11327817891066314,0.04074305720812091,0.99164,0.99988
5,sinkhorn_l1l2,250,0.05,0.1,0.7029898315374108,0.33420635945933647,0.644848493643452,0.99164,0.99752
5,sinkhorn_l1l2,250,0.05,1.0,0.7297516062123741,0.3250633191393009,0.9814724225829158,0.99164,0.997808
5,sinkhorn_l1l2,250,0.5,0.1,0.6948196489097992,0.29856760368883817,0.6669804224803578,0.99164,0.99808
5,sinkhorn_l1l2,250,0.5,1.0,0.7399706581676532,0.3648635153503414,1.013442701905135,0.99164,0.997576
5,svd_none,500,,,0.706050488187383,0.4765169465803077,0.8021128665986815,0.995712,0.995712
5,sinkhorn,500,0.05,,0.5966762786462285,0.14355726090639312,0.3406273089969243,0.995712,0.98111
5,sinkhorn,500,0.5,,0.5381696767339507,0.11265066603533448,0.11931793916406339,0.995712,0.999992
5,sinkhorn_l1l2,500,0.05,0.1,0.677745737845905,0.30615610039169766,0.7043924910746621,0.995712,0.9981279999999999
5,sinkhorn_l1l2,500,0.05,1.0,0.7181666413719836,0.32663712342796314,0.9560940035241419,0.995712,0.998404
5,sinkhorn_l1l2,500,0.5,0.1,0.6968685182374664,0.2946545695185614,0.6734628046389277,0.995712,0.9980119999999999
5,sinkhorn_l1l2,500,0.5,1.0,0.695502605352355,0.26950009439521383,0.8176876404355063,0.995712,0.99818
5,svd_none,1329,,,0.7372894217635453,0.49413651037029444,0.8260197745705541,0.99533,0.99533
5,sinkhorn,1329,0.05,,0.658496484039055,0.19883722603441537,0.7058361171423051,0.99533,0.9885810000000002
5,sinkhorn,1329,0.5,,0.6060859007436636,0.1333731154824855,0.393260016802577,0.99533,0.99998
5,sinkhorn_l1l2,1329,0.05,0.1,0.723756766327718,0.3471596444163773,0.8022137475033014,0.99533,0.9984439999999999
5,sinkhorn_l1l2,1329,0.05,1.0,0.7157130571153943,0.34318267388711954,0.834885940914443,0.99533,0.999174
5,sinkhorn_l1l2,1329,0.5,0.1,0.6987403247837304,0.37981145380775017,0.7413503422562544,0.99533,0.99859
5,sinkhorn_l1l2,1329,0.5,1.0,0.7211767086558406,0.38074437587005067,0.8653668588397241,0.99533,0.99915
6,raw6000,-1,,,0.7584104821166591,0.43672407903375865,0.6774106955959517,,
6,svd_none,100,,,0.7231243992512774,0.45201430889703675,0.8748840670482722,0.9900399999999999,0.9900399999999999
6,sinkhorn,100,0.05,,0.607730055142409,0.20358065719500143,0.4593319560801707,0.9900399999999999,0.95016
6,sinkhorn,100,0.5,,0.5078666464309203,0.10903402502066224,0.050051104553938554,0.9900399999999999,0.99996
6,sinkhorn_l1l2,100,0.05,0.1,0.6310517529215359,0.18438585171811833,0.3903009761549195,0.9900399999999999,0.9972000000000001
6,sinkhorn_l1l2,100,0.05,1.0,0.6676278646228563,0.21699270744276003,0.549429764083719,0.9900399999999999,0.9966200000000001
6,sinkhorn_l1l2,100,0.5,0.1,0.6439520412809228,0.19744200409410384,0.39830209855573745,0.9900399999999999,0.99592
6,sinkhorn_l1l2,100,0.5,1.0,0.6483027267668336,0.18754262143881456,0.4385188833720238,0.9900399999999999,0.9969600000000001
6,svd_none,250,,,0.723352051398796,0.4146001843682014,0.8053942878517841,0.99048,0.99048
6,sinkhorn,250,0.05,,0.6526787069358021,0.17041086360436594,0.48860669762101977,0.99048,0.966696
6,sinkhorn,250,0.5,,0.5479587190772499,0.14316788776340855,0.19444535830751153,0.99048,0.999776
6,sinkhorn_l1l2,250,0.05,0.1,0.6661354783224567,0.18256816888759503,0.47044008907645124,0.99048,0.998288
6,sinkhorn_l1l2,250,0.05,1.0,0.6832852734355238,0.23976128475006148,0.6319747700105114,0.99048,0.998856
6,sinkhorn_l1l2,250,0.5,0.1,0.6793645975615926,0.1880856989538497,0.48824693507363176,0.99048,0.9981359999999999
6,sinkhorn_l1l2,250,0.5,1.0,0.6592806192138413,0.21574755931074266,0.5055973431406887,0.99048,0.99876
6,svd_none,500,,,0.6928719583143623,0.4563416318519849,0.7870839078499617,0.9955080000000001,0.9955080000000001
6,sinkhorn,500,0.05,,0.6046188091263217,0.16877300053018746,0.44475333136526934,0.9955080000000001,0.9867619999999999
6,sinkhorn,500,0.5,,0.5379420245864319,0.1094258441585166,0.10614525383648704,0.9955080000000001,1.0
6,sinkhorn_l1l2,500,0.05,0.1,0.6682602316992968,0.25387954399769475,0.5984332152075619,0.9955080000000001,0.998856
6,sinkhorn_l1l2,500,0.05,1.0,0.7229726311529318,0.2903630286249238,0.9076587700774306,0.9955080000000001,0.9991319999999999
6,sinkhorn_l1l2,500,0.5,0.1,0.6688167147265646,0.27088054185316,0.5999924078677973,0.9955080000000001,0.999004
6,sinkhorn_l1l2,500,0.5,1.0,0.6792634188293621,0.24894611445684187,0.6820560436105111,0.9955080000000001,0.999012
6,svd_none,1329,,,0.7415895178833408,0.4504248173225094,0.8761010041485952,0.9953380000000001,0.9953380000000001
6,sinkhorn,1329,0.05,,0.6205544594526231,0.16960259194684435,0.49732020927401355,0.9953380000000001,0.992305
6,sinkhorn,1329,0.5,,0.5362219861385137,0.1294435968014677,0.13305860937403907,0.9953380000000001,0.999644
6,sinkhorn_l1l2,1329,0.05,0.1,0.6462538574391663,0.22426138059169973,0.44921923830889665,0.9953380000000001,0.997926
6,sinkhorn_l1l2,1329,0.05,1.0,0.6430414326908483,0.2373151338361391,0.53551235139755,0.9953380000000001,0.997898
6,sinkhorn_l1l2,1329,0.5,0.1,0.6472150553953558,0.27185757238758806,0.5212498975061112,0.9953380000000001,0.9983359999999999
6,sinkhorn_l1l2,1329,0.5,1.0,0.6395001770627814,0.25650917641817667,0.5204198401104003,0.9953380000000001,0.997834
7,raw6000,-1,,,0.772980219557849,0.4539356962282875,0.7051900518761827,,
7,svd_none,100,,,0.7455860778064451,0.43283072308773646,0.8810037582655253,0.9943000000000001,0.9943000000000001
7,sinkhorn,100,0.05,,0.5673091516163302,0.11955322933618974,0.22596226140351042,0.9943000000000001,0.9323999999999999
7,sinkhorn,100,0.5,,0.5465675115090808,0.118456311815089,0.1579190661894552,0.9943000000000001,0.99994
7,sinkhorn_l1l2,100,0.05,0.1,0.6986138513684423,0.3099403670193693,0.57208530341979,0.9943000000000001,0.998
7,sinkhorn_l1l2,100,0.05,1.0,0.6835382202661002,0.31180838187610493,0.6657403669312322,0.9943000000000001,0.99756
7,sinkhorn_l1l2,100,0.5,0.1,0.684145292659483,0.2706447072487602,0.5619018446620636,0.9943000000000001,0.99756
7,sinkhorn_l1l2,100,0.5,1.0,0.6739515353872616,0.2775183280452061,0.5825427108860584,0.9943000000000001,0.99766
7,svd_none,250,,,0.73511407902059,0.3979075520181792,0.822322019352809,0.991752,0.991752
7,sinkhorn,250,0.05,,0.5286841705873426,0.11287333820433774,0.10278659980055274,0.991752,0.9759840000000001
7,sinkhorn,250,0.5,,0.515303283249861,0.10663272185513083,0.06834563725753999,0.991752,0.999736
7,sinkhorn_l1l2,250,0.05,0.1,0.6973491172155614,0.32237407076196795,0.6129231858983093,0.991752,0.99944
7,sinkhorn_l1l2,250,0.05,1.0,0.7140941973997066,0.34531736802719815,0.7970824001472357,0.991752,0.999512
7,sinkhorn_l1l2,250,0.5,0.1,0.672459149086862,0.2843291961258547,0.5539111918347844,0.991752,0.999576
7,sinkhorn_l1l2,250,0.5,1.0,0.7024333485101433,0.3609760049242522,0.8016352571266636,0.991752,0.99944
7,svd_none,500,,,0.743587797844893,0.46404888918172277,0.9290998372695871,0.9944919999999999,0.9944919999999999
7,sinkhorn,500,0.05,,0.6155967015733292,0.15677202633693627,0.4219537992189673,0.9944919999999999,0.973924
7,sinkhorn,500,0.5,,0.4983558456012546,0.10990444683160247,0.018076322803746957,0.9944919999999999,0.9993879999999999
7,sinkhorn_l1l2,500,0.05,0.1,0.7073658117063792,0.31356045569545987,0.6866869017679658,0.9944919999999999,0.9984759999999999
7,sinkhorn_l1l2,500,0.05,1.0,0.7155612890170486,0.345371716626022,0.826295039446833,0.9944919999999999,0.998624
7,sinkhorn_l1l2,500,0.5,0.1,0.7088076086406637,0.36690833580125504,0.7511741535798665,0.9944919999999999,0.9986119999999999
7,sinkhorn_l1l2,500,0.5,1.0,0.7351899630697627,0.38420515804758537,0.9107346576702686,0.9944919999999999,0.9988999999999999
7,svd_none,1329,,,0.748469671675014,0.46476032306892,0.850175118229976,0.993312,0.993312
7,sinkhorn,1329,0.05,,0.617949107097688,0.1573467086417347,0.4449056247838908,0.993312,0.988728
7,sinkhorn,1329,0.5,,0.538270855466181,0.11378566947324409,0.15158169603564176,0.993312,0.999634
7,sinkhorn_l1l2,1329,0.05,0.1,0.7163960135579501,0.3455379481846462,0.7501860969109527,0.993312,0.998758
7,sinkhorn_l1l2,1329,0.05,1.0,0.7112358982141953,0.354985997457308,0.8342303058863028,0.993312,0.998844
7,sinkhorn_l1l2,1329,0.5,0.1,0.7182425254211564,0.3736451901014897,0.8348345826057556,0.993312,0.9985999999999999
7,sinkhorn_l1l2,1329,0.5,1.0,0.7281833358628015,0.3583301507722847,0.878558750762033,0.993312,0.99892
8,raw6000,-1,,,0.7976425355390298,0.48083104817219297,0.7615492158068331,,
8,svd_none,100,,,0.6861941619871503,0.42723927265132444,0.7655059393431956,0.9924200000000001,0.9924200000000001
8,sinkhorn,100,0.05,,0.5069054484747306,0.10934583075715652,0.03329387184655666,0.9924200000000001,0.9347099999999999
8,sinkhorn,100,0.5,,0.5649567460919714,0.1373288589972953,0.25131366489809304,0.9924200000000001,1.0
8,sinkhorn_l1l2,100,0.05,0.1,0.691227803915617,0.32484682588513203,0.6965172132893998,0.9924200000000001,0.9962599999999999
8,sinkhorn_l1l2,100,0.05,1.0,0.7083017149795113,0.33471261015624226,0.7617173563666628,0.9924200000000001,0.99758
8,sinkhorn_l1l2,100,0.5,0.1,0.6805787423483584,0.3418831242939961,0.7492239612217658,0.9924200000000001,0.9973
8,sinkhorn_l1l2,100,0.5,1.0,0.6885971568776244,0.3052086127332377,0.781745419546093,0.9924200000000001,0.9976
8,svd_none,250,,,0.7569180958162595,0.4414022979554073,0.8913801977028628,0.993664,0.993664
8,sinkhorn,250,0.05,,0.5993828097333941,0.1365891041999103,0.3108729912978978,0.993664,0.983428
8,sinkhorn,250,0.5,,0.5429503718318409,0.1376835126734775,0.20562727653934612,0.993664,0.999968
8,sinkhorn_l1l2,250,0.05,0.1,0.7211514139727827,0.38296421779784845,0.8129888334222847,0.993664,0.997872
8,sinkhorn_l1l2,250,0.05,1.0,0.7291445338189911,0.3203869594630163,0.8883617255264148,0.993664,0.998416
8,sinkhorn_l1l2,250,0.5,0.1,0.7140436080335913,0.3925422198196371,0.8311497989045675,0.993664,0.998248
8,sinkhorn_l1l2,250,0.5,1.0,0.7071634542419183,0.3332724829005336,0.8029033124784429,0.993664,0.998624
8,svd_none,500,,,0.739388880457328,0.42242628472518173,0.8589955109898716,0.996016,0.996016
8,sinkhorn,500,0.05,,0.5920473516466839,0.1662676312823413,0.3609889247094866,0.996016,0.9761500000000001
8,sinkhorn,500,0.5,,0.5729498659381798,0.14101616299229305,0.28509872649677986,0.996016,0.9999
8,sinkhorn_l1l2,500,0.05,0.1,0.7316234127586381,0.37618637716417974,0.9002207834011285,0.996016,0.9982
8,sinkhorn_l1l2,500,0.05,1.0,0.7372641270804877,0.4427080656220481,1.0489658982826178,0.996016,0.99814
8,sinkhorn_l1l2,500,0.5,0.1,0.718672535033136,0.3678460430516919,0.8481052342852619,0.996016,0.9986119999999999
8,sinkhorn_l1l2,500,0.5,1.0,0.7229979258359893,0.42166067084483344,0.9596761137710288,0.996016,0.9981599999999999
8,svd_none,1329,,,0.7429554307684524,0.40831609922882306,0.826982008714474,0.9956300000000001,0.9956300000000001
8,sinkhorn,1329,0.05,,0.6470126979308949,0.2389481436621788,0.6628256282044683,0.9956300000000001,0.987938
8,sinkhorn,1329,0.5,,0.6140031365406992,0.16921856599172008,0.4483704046665581,0.9956300000000001,0.999992
8,sinkhorn_l1l2,1329,0.05,0.1,0.7331157990590378,0.3246950430279094,0.8525658488674114,0.9956300000000001,0.9987759999999999
8,sinkhorn_l1l2,1329,0.05,1.0,0.7344058278949764,0.3398009042619272,0.8985112062492152,0.9956300000000001,0.9986759999999999
8,sinkhorn_l1l2,1329,0.5,0.1,0.7106541205038702,0.32217268396915,0.7642306389287334,0.9956300000000001,0.9987079999999999
8,sinkhorn_l1l2,1329,0.5,1.0,0.7261344665351344,0.36059002310906013,0.8710584211955201,0.9956300000000001,0.998792
9,raw6000,-1,,,0.6994738705924014,0.3686764919909103,0.5555329659386234,,
9,svd_none,100,,,0.6614306672737391,0.39433768824993465,0.707509385482866,0.98658,0.98658
9,sinkhorn,100,0.05,,0.5539029695957909,0.12644998963454174,0.21368583234060057,0.98658,0.95305
9,sinkhorn,100,0.5,,0.5413821014822684,0.10268809922527053,0.09559419674297391,0.98658,1.0
9,sinkhorn_l1l2,100,0.05,0.1,0.6910507411342137,0.32388991100733416,0.48321476725935325,0.98658,0.99916
9,sinkhorn_l1l2,100,0.05,1.0,0.6633024738200031,0.2613201411351211,0.6011974915152138,0.98658,0.99928
9,sinkhorn_l1l2,100,0.5,0.1,0.6673243284261648,0.2947089185891907,0.4883992336164058,0.98658,0.99898
9,sinkhorn_l1l2,100,0.5,1.0,0.6619112662518338,0.28127373564712854,0.5743414541615312,0.98658,0.99924
9,svd_none,250,,,0.679744017807457,0.4436489721994588,0.7862755507555292,0.993528,0.993528
9,sinkhorn,250,0.05,,0.6071735721151413,0.13888479319206984,0.3683666240214942,0.993528,0.9789479999999999
9,sinkhorn,250,0.5,,0.4349420751757981,0.09327940858607517,-0.21752930470229034,0.993528,1.0
9,sinkhorn_l1l2,250,0.05,0.1,0.6749127333434511,0.3322063680668571,0.6242858408594466,0.993528,0.999128
9,sinkhorn_l1l2,250,0.05,1.0,0.6668690241311277,0.28745220088216705,0.7087359836805766,0.993528,0.998904
9,sinkhorn_l1l2,250,0.5,0.1,0.6790863560479586,0.3553516208578067,0.7019018897900616,0.993528,0.999208
9,sinkhorn_l1l2,250,0.5,1.0,0.6615571406890272,0.31865341146160847,0.7555399128814221,0.993528,0.9990159999999999
9,svd_none,500,,,0.7194313755248647,0.47944014704178856,0.8471192908930116,0.993488,0.993488
9,sinkhorn,500,0.05,,0.6156725856225022,0.2168611001840949,0.4968043480959623,0.993488,0.98848
9,sinkhorn,500,0.5,,0.48740324783730465,0.09475659804534822,-0.06580572018859418,0.993488,0.999996
9,sinkhorn_l1l2,500,0.05,0.1,0.7149542166236658,0.3573190885967922,0.7131207259419884,0.993488,0.999404
9,sinkhorn_l1l2,500,0.05,1.0,0.6661607730055144,0.31294437151591165,0.6869481778049836,0.993488,0.99952
9,sinkhorn_l1l2,500,0.5,0.1,0.7246420802347346,0.3754851646685251,0.8116934418136934,0.993488,0.99936
9,sinkhorn_l1l2,500,0.5,1.0,0.7098952800121415,0.389947150374115,0.8449381043551283,0.993488,0.999568
9,svd_none,1329,,,0.6903171953255427,0.4785094133277663,0.7710684780116602,0.9946,0.9946
9,sinkhorn,1329,0.05,,0.6163302473820004,0.20712740105292243,0.5320149860190169,0.9946,0.990262
9,sinkhorn,1329,0.5,,0.5301259675216269,0.13606762987614482,0.16575486490851643,0.9946,0.999978
9,sinkhorn_l1l2,1329,0.05,0.1,0.7001821217180149,0.36723899558209383,0.7223125023955073,0.9946,0.9991840000000001
9,sinkhorn_l1l2,1329,0.05,1.0,0.6564476147113877,0.37720848922859523,0.7471372712737993,0.9946,0.999316
9,sinkhorn_l1l2,1329,0.5,0.1,0.6862953407193807,0.35721670733734134,0.7483111433337559,0.9946,0.999152
9,sinkhorn_l1l2,1329,0.5,1.0,0.6947437648606263,0.39878228949602024,0.8541619581435742,0.9946,0.9993460000000001
